﻿04月02日,安庆市,14,10,东北风
﻿04月03日,安庆市,18,11,东北风
﻿04月04日,安庆市,20,12,西南风
﻿04月05日,安庆市,23,12,西南风
﻿04月06日,安庆市,23,15,西南风
﻿04月07日,安庆市,26,17,西南风
﻿04月08日,安庆市,26,16,东北风
﻿04月02日,蚌埠市,20,9,东南风
﻿04月03日,蚌埠市,20,8,东风
﻿04月04日,蚌埠市,20,9,南风
﻿04月05日,蚌埠市,24,13,西南风
﻿04月06日,蚌埠市,25,16,西南风
﻿04月07日,蚌埠市,24,15,西风
﻿04月08日,蚌埠市,20,10,东风
﻿04月02日,亳州市,20,10,东南风
﻿04月03日,亳州市,20,9,东风
﻿04月04日,亳州市,21,11,南风
﻿04月05日,亳州市,26,13,西南风
﻿04月06日,亳州市,27,14,西南风
﻿04月07日,亳州市,23,14,西北风
﻿04月08日,亳州市,21,10,东风
﻿04月02日,巢湖市,18,10,东南风
﻿04月03日,巢湖市,20,10,东风
﻿04月04日,巢湖市,20,11,东南风
﻿04月05日,巢湖市,24,14,西南风
﻿04月06日,巢湖市,23,16,南风
﻿04月07日,巢湖市,26,15,西风
﻿04月08日,巢湖市,23,14,东风
﻿04月02日,池州市,16,8,东风
﻿04月03日,池州市,19,9,东北风
﻿04月04日,池州市,20,11,西南风
﻿04月05日,池州市,23,12,西南风
﻿04月06日,池州市,23,15,西南风
﻿04月07日,池州市,27,16,西南风
﻿04月08日,池州市,26,15,东北风
﻿04月02日,滁州市,19,8,东南风
﻿04月03日,滁州市,20,8,东风
﻿04月04日,滁州市,20,10,东南风
﻿04月05日,滁州市,25,13,西南风
﻿04月06日,滁州市,24,16,西南风
﻿04月07日,滁州市,26,13,西风
﻿04月08日,滁州市,19,11,东风
﻿04月02日,阜阳市,19,10,南风
﻿04月03日,阜阳市,21,8,东风
﻿04月04日,阜阳市,20,10,南风
﻿04月05日,阜阳市,25,14,西南风
﻿04月06日,阜阳市,26,16,西南风
﻿04月07日,阜阳市,24,15,西风
﻿04月08日,阜阳市,22,12,东风
﻿04月02日,合肥市,18,9,东南风
﻿04月03日,合肥市,21,9,东风
﻿04月04日,合肥市,21,11,东南风
﻿04月05日,合肥市,25,14,南风
﻿04月06日,合肥市,25,15,南风
﻿04月07日,合肥市,27,16,西风
﻿04月08日,合肥市,22,15,东风
﻿04月02日,淮北市,19,9,东南风
﻿04月03日,淮北市,19,8,东风
﻿04月04日,淮北市,21,10,南风
﻿04月05日,淮北市,25,13,西南风
﻿04月06日,淮北市,25,14,西南风
﻿04月07日,淮北市,23,13,西北风
﻿04月08日,淮北市,19,9,东风
﻿04月02日,淮南市,20,11,南风
﻿04月03日,淮南市,21,10,东风
﻿04月04日,淮南市,21,11,南风
﻿04月05日,淮南市,25,13,西南风
﻿04月06日,淮南市,25,16,西南风
﻿04月07日,淮南市,24,15,西风
﻿04月08日,淮南市,20,13,东风
﻿04月02日,黄山市,16,7,东风
﻿04月03日,黄山市,16,10,东风
﻿04月04日,黄山市,17,10,南风
﻿04月05日,黄山市,24,11,西风
﻿04月06日,黄山市,21,12,西南风
﻿04月07日,黄山市,27,15,西南风
﻿04月08日,黄山市,27,13,东风
﻿04月02日,六安市,17,11,东南风
﻿04月03日,六安市,21,10,东风
﻿04月04日,六安市,20,12,东南风
﻿04月05日,六安市,26,12,西南风
﻿04月06日,六安市,27,15,西南风
﻿04月07日,六安市,28,15,西风
﻿04月08日,六安市,23,15,东风
﻿04月02日,马鞍山市,19,10,东南风
﻿04月03日,马鞍山市,21,10,东风
﻿04月04日,马鞍山市,20,10,东南风
﻿04月05日,马鞍山市,24,12,西南风
﻿04月06日,马鞍山市,23,15,西南风
﻿04月07日,马鞍山市,27,16,西风
﻿04月08日,马鞍山市,22,13,东风
﻿04月03日,宿州市,19,8,东风
﻿04月04日,宿州市,20,9,南风
﻿04月05日,宿州市,24,13,西南风
﻿04月06日,宿州市,25,15,西南风
﻿04月07日,宿州市,23,13,西北风
﻿04月08日,宿州市,19,8,东风
﻿04月09日,宿州市,16,3,东风
﻿04月02日,铜陵市,17,10,东风
﻿04月03日,铜陵市,19,10,东北风
﻿04月04日,铜陵市,20,11,东南风
﻿04月05日,铜陵市,24,12,西南风
﻿04月06日,铜陵市,23,16,西南风
﻿04月07日,铜陵市,26,17,西南风
﻿04月08日,铜陵市,24,13,东风
﻿04月02日,芜湖市,18,10,东南风
﻿04月03日,芜湖市,20,10,东风
﻿04月04日,芜湖市,19,11,东风
﻿04月05日,芜湖市,24,12,西南风
﻿04月06日,芜湖市,23,15,西南风
﻿04月07日,芜湖市,27,16,西南风
﻿04月08日,芜湖市,21,13,东风
﻿04月02日,宣城市,19,7,东南风
﻿04月03日,宣城市,19,10,东风
﻿04月04日,宣城市,19,11,东南风
﻿04月05日,宣城市,24,10,西南风
﻿04月06日,宣城市,24,14,西南风
﻿04月07日,宣城市,28,16,西南风
﻿04月08日,宣城市,23,13,东风
﻿04月03日,钓鱼岛市,18,14,东北风
﻿04月04日,钓鱼岛市,21,14,东北风
﻿04月05日,钓鱼岛市,26,15,西南风
﻿04月06日,钓鱼岛市,24,17,东风
﻿04月07日,钓鱼岛市,31,17,西南风
﻿04月08日,钓鱼岛市,28,16,东北风
﻿04月09日,钓鱼岛市,25,15,东北风
﻿04月02日,福州市,20,11,东北风
﻿04月03日,福州市,18,14,东北风
﻿04月04日,福州市,21,13,东北风
﻿04月05日,福州市,26,15,西南风
﻿04月06日,福州市,24,17,东风
﻿04月07日,福州市,31,18,西南风
﻿04月08日,福州市,28,16,东北风
﻿04月02日,龙岩市,24,13,南风
﻿04月03日,龙岩市,23,16,西南风
﻿04月04日,龙岩市,22,16,南风
﻿04月05日,龙岩市,26,16,西风
﻿04月06日,龙岩市,27,16,南风
﻿04月07日,龙岩市,29,17,西南风
﻿04月08日,龙岩市,29,18,东南风
﻿04月02日,南平市,21,11,东风
﻿04月03日,南平市,17,13,东北风
﻿04月04日,南平市,19,13,东风
﻿04月05日,南平市,24,15,西北风
﻿04月06日,南平市,27,16,东南风
﻿04月07日,南平市,30,18,西南风
﻿04月08日,南平市,30,17,东南风
﻿04月03日,宁德市,15,14,东北风
﻿04月04日,宁德市,19,13,东北风
﻿04月05日,宁德市,24,16,东南风
﻿04月06日,宁德市,22,17,东南风
﻿04月07日,宁德市,28,17,西南风
﻿04月08日,宁德市,26,16,东风
﻿04月09日,宁德市,22,15,东北风
﻿04月03日,莆田市,20,15,东北风
﻿04月04日,莆田市,21,16,东北风
﻿04月05日,莆田市,25,17,南风
﻿04月06日,莆田市,24,18,东风
﻿04月07日,莆田市,27,19,西南风
﻿04月08日,莆田市,26,18,东北风
﻿04月09日,莆田市,25,17,东北风
﻿04月02日,泉州市,22,14,东北风
﻿04月03日,泉州市,23,15,东北风
﻿04月04日,泉州市,22,16,东北风
﻿04月05日,泉州市,25,18,东南风
﻿04月06日,泉州市,24,19,东风
﻿04月07日,泉州市,29,20,南风
﻿04月08日,泉州市,27,19,东风
﻿04月02日,三明市,22,11,东风
﻿04月03日,三明市,19,14,东北风
﻿04月04日,三明市,20,13,东风
﻿04月05日,三明市,24,15,西北风
﻿04月06日,三明市,28,16,南风
﻿04月07日,三明市,29,17,西南风
﻿04月08日,三明市,30,17,东南风
﻿04月02日,厦门市,24,14,东风
﻿04月03日,厦门市,23,17,东风
﻿04月04日,厦门市,23,17,东风
﻿04月05日,厦门市,27,18,南风
﻿04月06日,厦门市,26,19,东南风
﻿04月07日,厦门市,30,20,南风
﻿04月08日,厦门市,29,20,东风
﻿04月03日,漳州市,25,18,东风
﻿04月04日,漳州市,24,18,东风
﻿04月05日,漳州市,28,19,南风
﻿04月06日,漳州市,27,20,东南风
﻿04月07日,漳州市,31,20,西南风
﻿04月08日,漳州市,30,21,东风
﻿04月09日,漳州市,27,18,东南风
﻿04月02日,白银市,18,6,东北风
﻿04月03日,白银市,18,5,东风
﻿04月04日,白银市,20,5,北风
﻿04月05日,白银市,23,7,西风
﻿04月06日,白银市,24,8,北风
﻿04月07日,白银市,23,9,东北风
﻿04月08日,白银市,18,4,东北风
﻿04月02日,定西市,16,3,北风
﻿04月03日,定西市,16,4,东南风
﻿04月04日,定西市,18,3,北风
﻿04月05日,定西市,21,5,西北风
﻿04月06日,定西市,23,6,北风
﻿04月07日,定西市,22,6,东风
﻿04月08日,定西市,18,2,东北风
﻿04月02日,甘南市,9,-2,东北风
﻿04月03日,甘南市,10,-4,东北风
﻿04月04日,甘南市,9,-5,东北风
﻿04月05日,甘南市,12,-5,西风
﻿04月06日,甘南市,14,-2,西风
﻿04月07日,甘南市,12,-3,东风
﻿04月08日,甘南市,11,-4,东北风
﻿04月02日,嘉峪关市,18,2,东风
﻿04月03日,嘉峪关市,19,4,西风
﻿04月04日,嘉峪关市,21,7,西风
﻿04月05日,嘉峪关市,22,7,西风
﻿04月06日,嘉峪关市,20,7,西北风
﻿04月07日,嘉峪关市,19,6,东风
﻿04月08日,嘉峪关市,15,3,西风
﻿04月02日,金昌市,15,1,东风
﻿04月03日,金昌市,19,2,北风
﻿04月04日,金昌市,21,5,西北风
﻿04月05日,金昌市,23,7,西北风
﻿04月06日,金昌市,21,7,西北风
﻿04月07日,金昌市,19,5,北风
﻿04月08日,金昌市,15,3,北风
﻿04月03日,酒泉市,18,3,西风
﻿04月04日,酒泉市,21,4,西风
﻿04月05日,酒泉市,22,7,西风
﻿04月06日,酒泉市,20,6,西北风
﻿04月07日,酒泉市,19,5,东风
﻿04月08日,酒泉市,18,3,西风
﻿04月09日,酒泉市,18,3,西南风
﻿04月02日,兰州市,20,8,东北风
﻿04月03日,兰州市,21,7,东风
﻿04月04日,兰州市,22,6,东北风
﻿04月05日,兰州市,25,8,南风
﻿04月06日,兰州市,27,10,东北风
﻿04月07日,兰州市,26,9,东风
﻿04月08日,兰州市,22,4,东北风
﻿04月03日,临夏市,15,4,东北风
﻿04月04日,临夏市,16,0,西北风
﻿04月05日,临夏市,21,1,西风
﻿04月06日,临夏市,22,3,东北风
﻿04月07日,临夏市,18,3,东风
﻿04月08日,临夏市,16,3,北风
﻿04月09日,临夏市,19,2,西北风
﻿04月02日,陇南市,20,12,东北风
﻿04月03日,陇南市,20,10,东南风
﻿04月04日,陇南市,25,8,北风
﻿04月05日,陇南市,28,9,西南风
﻿04月06日,陇南市,29,9,南风
﻿04月07日,陇南市,27,11,东南风
﻿04月08日,陇南市,24,7,东风
﻿04月02日,平凉市,18,6,东北风
﻿04月03日,平凉市,15,3,东南风
﻿04月04日,平凉市,19,5,北风
﻿04月05日,平凉市,24,7,西北风
﻿04月06日,平凉市,24,8,西北风
﻿04月07日,平凉市,25,7,东北风
﻿04月08日,平凉市,19,2,东北风
﻿04月02日,庆阳市,17,7,东南风
﻿04月03日,庆阳市,16,5,南风
﻿04月04日,庆阳市,17,7,北风
﻿04月05日,庆阳市,21,8,西北风
﻿04月06日,庆阳市,23,10,西北风
﻿04月07日,庆阳市,22,10,北风
﻿04月08日,庆阳市,18,5,东风
﻿04月03日,天水市,19,6,南风
﻿04月04日,天水市,22,7,北风
﻿04月05日,天水市,26,8,南风
﻿04月06日,天水市,27,10,东南风
﻿04月07日,天水市,25,10,东风
﻿04月08日,天水市,18,6,东北风
﻿04月09日,天水市,21,5,北风
﻿04月03日,武威市,18,5,西北风
﻿04月04日,武威市,20,4,西北风
﻿04月05日,武威市,23,6,西南风
﻿04月06日,武威市,22,7,西北风
﻿04月07日,武威市,21,7,东北风
﻿04月08日,武威市,15,4,北风
﻿04月09日,武威市,17,3,西风
﻿04月02日,张掖市,19,2,东南风
﻿04月03日,张掖市,20,2,西南风
﻿04月04日,张掖市,21,3,西南风
﻿04月05日,张掖市,22,3,南风
﻿04月06日,张掖市,21,4,西北风
﻿04月07日,张掖市,19,3,北风
﻿04月08日,张掖市,15,-1,西北风
﻿04月03日,潮州市,24,17,东风
﻿04月04日,潮州市,25,18,东风
﻿04月05日,潮州市,26,20,南风
﻿04月06日,潮州市,28,21,东南风
﻿04月07日,潮州市,29,21,西南风
﻿04月08日,潮州市,29,23,东南风
﻿04月09日,潮州市,27,19,东风
﻿04月02日,东莞市,25,17,东南风
﻿04月03日,东莞市,27,19,东南风
﻿04月04日,东莞市,26,20,东南风
﻿04月05日,东莞市,27,20,南风
﻿04月06日,东莞市,27,21,南风
﻿04月07日,东莞市,28,22,南风
﻿04月08日,东莞市,28,22,南风
﻿04月02日,佛山市,24,19,东南风
﻿04月03日,佛山市,27,20,东南风
﻿04月04日,佛山市,26,20,南风
﻿04月05日,佛山市,28,20,西南风
﻿04月06日,佛山市,28,21,南风
﻿04月07日,佛山市,29,21,南风
﻿04月08日,佛山市,30,23,南风
﻿04月02日,广州市,25,18,东南风
﻿04月03日,广州市,27,19,东南风
﻿04月04日,广州市,26,20,南风
﻿04月05日,广州市,29,20,西南风
﻿04月06日,广州市,28,20,南风
﻿04月07日,广州市,28,20,南风
﻿04月08日,广州市,30,22,南风
﻿04月03日,河源市,26,17,西南风
﻿04月04日,河源市,25,17,西北风
﻿04月05日,河源市,26,17,西北风
﻿04月06日,河源市,27,20,南风
﻿04月07日,河源市,27,20,南风
﻿04月08日,河源市,30,21,南风
﻿04月09日,河源市,30,20,南风
﻿04月02日,惠州市,25,17,东南风
﻿04月03日,惠州市,28,18,东南风
﻿04月04日,惠州市,26,18,东南风
﻿04月05日,惠州市,27,19,南风
﻿04月06日,惠州市,27,21,南风
﻿04月07日,惠州市,29,22,南风
﻿04月08日,惠州市,30,22,南风
﻿04月02日,江门市,24,17,东南风
﻿04月03日,江门市,27,20,东南风
﻿04月04日,江门市,26,21,东南风
﻿04月05日,江门市,27,21,南风
﻿04月06日,江门市,27,21,南风
﻿04月07日,江门市,29,22,南风
﻿04月08日,江门市,30,23,南风
﻿04月02日,揭阳市,24,16,东南风
﻿04月03日,揭阳市,25,17,东南风
﻿04月04日,揭阳市,26,18,东南风
﻿04月05日,揭阳市,26,19,南风
﻿04月06日,揭阳市,27,21,东南风
﻿04月07日,揭阳市,27,20,西南风
﻿04月08日,揭阳市,28,23,东南风
﻿04月03日,茂名市,27,22,东南风
﻿04月04日,茂名市,28,22,东南风
﻿04月05日,茂名市,27,21,东南风
﻿04月06日,茂名市,29,21,东南风
﻿04月07日,茂名市,31,23,东南风
﻿04月08日,茂名市,31,23,东南风
﻿04月09日,茂名市,31,23,东南风
﻿04月03日,梅州市,25,17,东南风
﻿04月04日,梅州市,24,16,南风
﻿04月05日,梅州市,25,17,西风
﻿04月06日,梅州市,28,19,南风
﻿04月07日,梅州市,29,19,西南风
﻿04月08日,梅州市,30,21,东南风
﻿04月09日,梅州市,31,18,南风
﻿04月03日,清远市,25,18,东南风
﻿04月04日,清远市,22,18,东北风
﻿04月05日,清远市,26,18,西风
﻿04月06日,清远市,26,20,南风
﻿04月07日,清远市,28,21,南风
﻿04月08日,清远市,29,23,南风
﻿04月09日,清远市,30,18,南风
﻿04月03日,汕头市,25,18,东风
﻿04月04日,汕头市,26,19,东风
﻿04月05日,汕头市,27,21,东南风
﻿04月06日,汕头市,28,23,东南风
﻿04月07日,汕头市,29,22,西南风
﻿04月08日,汕头市,28,22,东风
﻿04月09日,汕头市,27,20,东风
﻿04月02日,汕尾市,24,17,东风
﻿04月03日,汕尾市,26,19,东风
﻿04月04日,汕尾市,26,19,东风
﻿04月05日,汕尾市,26,21,东南风
﻿04月06日,汕尾市,27,22,南风
﻿04月07日,汕尾市,28,22,西南风
﻿04月08日,汕尾市,28,23,西南风
﻿04月02日,韶关市,23,16,南风
﻿04月03日,韶关市,23,15,东北风
﻿04月04日,韶关市,20,14,东风
﻿04月05日,韶关市,24,15,东南风
﻿04月06日,韶关市,26,18,南风
﻿04月07日,韶关市,26,19,南风
﻿04月08日,韶关市,27,20,南风
﻿04月03日,深圳市,27,21,东南风
﻿04月04日,深圳市,26,21,东南风
﻿04月05日,深圳市,26,21,东南风
﻿04月06日,深圳市,27,23,南风
﻿04月07日,深圳市,27,22,南风
﻿04月08日,深圳市,28,23,南风
﻿04月09日,深圳市,29,22,东南风
﻿04月03日,阳江市,26,20,东风
﻿04月04日,阳江市,27,21,东风
﻿04月05日,阳江市,28,21,东风
﻿04月06日,阳江市,28,22,南风
﻿04月07日,阳江市,30,22,南风
﻿04月08日,阳江市,30,23,南风
﻿04月09日,阳江市,29,23,东南风
﻿04月02日,云浮市,25,17,东南风
﻿04月03日,云浮市,25,17,东风
﻿04月04日,云浮市,25,17,东南风
﻿04月05日,云浮市,27,18,东南风
﻿04月06日,云浮市,27,19,南风
﻿04月07日,云浮市,29,21,南风
﻿04月08日,云浮市,31,22,南风
﻿04月02日,湛江市,24,21,东风
﻿04月03日,湛江市,26,22,东风
﻿04月04日,湛江市,26,22,东风
﻿04月05日,湛江市,26,21,东风
﻿04月06日,湛江市,27,22,东南风
﻿04月07日,湛江市,29,23,东南风
﻿04月08日,湛江市,29,23,东南风
﻿04月02日,肇庆市,23,17,东南风
﻿04月03日,肇庆市,25,17,东南风
﻿04月04日,肇庆市,25,17,东南风
﻿04月05日,肇庆市,27,17,东南风
﻿04月06日,肇庆市,27,20,南风
﻿04月07日,肇庆市,29,21,南风
﻿04月08日,肇庆市,30,22,南风
﻿04月02日,中山市,26,20,东南风
﻿04月03日,中山市,27,20,东南风
﻿04月04日,中山市,26,21,东南风
﻿04月05日,中山市,28,22,南风
﻿04月06日,中山市,28,22,南风
﻿04月07日,中山市,29,22,南风
﻿04月08日,中山市,30,24,南风
﻿04月02日,珠海市,24,20,东风
﻿04月03日,珠海市,23,20,东风
﻿04月04日,珠海市,24,21,东风
﻿04月05日,珠海市,24,21,东南风
﻿04月06日,珠海市,26,21,南风
﻿04月07日,珠海市,27,22,南风
﻿04月08日,珠海市,27,22,南风
﻿04月02日,百色市,24,18,东南风
﻿04月03日,百色市,25,18,东风
﻿04月04日,百色市,23,18,东风
﻿04月05日,百色市,26,17,东风
﻿04月06日,百色市,29,18,东南风
﻿04月07日,百色市,31,21,东风
﻿04月08日,百色市,33,21,南风
﻿04月02日,北海市,25,18,东风
﻿04月03日,北海市,28,20,东南风
﻿04月04日,北海市,26,20,东南风
﻿04月05日,北海市,28,20,东南风
﻿04月06日,北海市,28,22,南风
﻿04月07日,北海市,28,23,西南风
﻿04月08日,北海市,29,21,西南风
﻿04月02日,崇左市,23,17,东南风
﻿04月03日,崇左市,27,18,东南风
﻿04月04日,崇左市,26,17,东南风
﻿04月05日,崇左市,26,17,东风
﻿04月06日,崇左市,28,19,西南风
﻿04月07日,崇左市,28,20,西南风
﻿04月08日,崇左市,28,21,西南风
﻿04月02日,防城港市,23,16,东风
﻿04月03日,防城港市,26,17,东南风
﻿04月04日,防城港市,26,18,东南风
﻿04月05日,防城港市,24,18,东南风
﻿04月06日,防城港市,26,20,南风
﻿04月07日,防城港市,28,21,西南风
﻿04月08日,防城港市,29,21,西南风
﻿04月02日,贵港市,20,15,东风
﻿04月03日,贵港市,24,17,东北风
﻿04月04日,贵港市,23,17,东风
﻿04月05日,贵港市,26,17,北风
﻿04月06日,贵港市,28,18,南风
﻿04月07日,贵港市,29,20,南风
﻿04月08日,贵港市,30,20,南风
﻿04月02日,桂林市,18,14,西风
﻿04月03日,桂林市,17,13,东北风
﻿04月04日,桂林市,20,13,东北风
﻿04月05日,桂林市,25,15,南风
﻿04月06日,桂林市,26,15,西南风
﻿04月07日,桂林市,28,18,南风
﻿04月08日,桂林市,28,19,南风
﻿04月02日,河池市,19,15,东南风
﻿04月03日,河池市,21,14,东风
﻿04月04日,河池市,24,16,东风
﻿04月05日,河池市,25,16,北风
﻿04月06日,河池市,28,17,南风
﻿04月07日,河池市,28,18,东南风
﻿04月08日,河池市,29,20,南风
﻿04月03日,贺州市,18,13,北风
﻿04月04日,贺州市,19,13,北风
﻿04月05日,贺州市,23,15,西南风
﻿04月06日,贺州市,23,16,南风
﻿04月07日,贺州市,24,18,南风
﻿04月08日,贺州市,27,18,南风
﻿04月09日,贺州市,27,15,东南风
﻿04月02日,来宾市,21,15,南风
﻿04月03日,来宾市,24,14,北风
﻿04月04日,来宾市,23,16,北风
﻿04月05日,来宾市,25,16,北风
﻿04月06日,来宾市,26,19,南风
﻿04月07日,来宾市,29,21,南风
﻿04月08日,来宾市,26,20,南风
﻿04月03日,柳州市,19,14,北风
﻿04月04日,柳州市,25,14,北风
﻿04月05日,柳州市,24,16,西北风
﻿04月06日,柳州市,26,18,南风
﻿04月07日,柳州市,28,19,南风
﻿04月08日,柳州市,28,19,南风
﻿04月09日,柳州市,26,17,南风
﻿04月02日,南宁市,20,16,东南风
﻿04月03日,南宁市,24,15,东南风
﻿04月04日,南宁市,26,18,东南风
﻿04月05日,南宁市,24,18,东风
﻿04月06日,南宁市,27,19,南风
﻿04月07日,南宁市,28,20,东南风
﻿04月08日,南宁市,30,21,南风
﻿04月03日,钦州市,26,17,东南风
﻿04月04日,钦州市,24,17,东南风
﻿04月05日,钦州市,27,18,东南风
﻿04月06日,钦州市,27,20,南风
﻿04月07日,钦州市,29,21,南风
﻿04月08日,钦州市,30,21,南风
﻿04月09日,钦州市,27,19,南风
﻿04月02日,梧州市,22,15,东风
﻿04月03日,梧州市,23,17,东风
﻿04月04日,梧州市,25,16,东风
﻿04月05日,梧州市,25,18,东北风
﻿04月06日,梧州市,26,19,西南风
﻿04月07日,梧州市,27,19,南风
﻿04月08日,梧州市,29,20,南风
﻿04月02日,玉林市,22,16,东南风
﻿04月03日,玉林市,24,18,南风
﻿04月04日,玉林市,23,19,南风
﻿04月05日,玉林市,26,19,南风
﻿04月06日,玉林市,28,19,南风
﻿04月07日,玉林市,30,21,南风
﻿04月08日,玉林市,30,22,南风
﻿04月02日,安顺市,19,11,南风
﻿04月03日,安顺市,15,9,东北风
﻿04月04日,安顺市,15,8,东北风
﻿04月05日,安顺市,16,9,东北风
﻿04月06日,安顺市,20,11,西南风
﻿04月07日,安顺市,22,13,南风
﻿04月08日,安顺市,22,16,南风
﻿04月03日,毕节市,15,9,东北风
﻿04月04日,毕节市,13,7,北风
﻿04月05日,毕节市,13,6,北风
﻿04月06日,毕节市,21,9,东南风
﻿04月07日,毕节市,25,11,东南风
﻿04月08日,毕节市,26,11,西南风
﻿04月09日,毕节市,21,8,西北风
﻿04月03日,贵阳市,14,9,东北风
﻿04月04日,贵阳市,16,8,东北风
﻿04月05日,贵阳市,18,9,北风
﻿04月06日,贵阳市,22,11,西南风
﻿04月07日,贵阳市,26,14,南风
﻿04月08日,贵阳市,27,16,南风
﻿04月09日,贵阳市,23,11,西北风
﻿04月02日,六盘水市,21,8,南风
﻿04月03日,六盘水市,17,8,东风
﻿04月04日,六盘水市,13,7,东北风
﻿04月05日,六盘水市,14,7,东风
﻿04月06日,六盘水市,21,9,东南风
﻿04月07日,六盘水市,26,11,南风
﻿04月08日,六盘水市,23,11,西南风
﻿04月02日,黔东南市,21,12,南风
﻿04月03日,黔东南市,15,10,东北风
﻿04月04日,黔东南市,17,9,东北风
﻿04月05日,黔东南市,23,11,西北风
﻿04月06日,黔东南市,26,14,西南风
﻿04月07日,黔东南市,29,15,南风
﻿04月08日,黔东南市,29,17,南风
﻿04月02日,黔南市,22,10,南风
﻿04月03日,黔南市,14,9,北风
﻿04月04日,黔南市,16,9,北风
﻿04月05日,黔南市,23,10,西北风
﻿04月06日,黔南市,27,13,西南风
﻿04月07日,黔南市,29,15,南风
﻿04月08日,黔南市,27,17,南风
﻿04月02日,黔西南市,26,13,南风
﻿04月03日,黔西南市,21,12,东风
﻿04月04日,黔西南市,19,12,东风
﻿04月05日,黔西南市,19,12,东北风
﻿04月06日,黔西南市,24,13,东南风
﻿04月07日,黔西南市,27,15,西南风
﻿04月08日,黔西南市,29,15,西南风
﻿04月02日,铜仁市,17,12,东风
﻿04月03日,铜仁市,14,10,东北风
﻿04月04日,铜仁市,18,10,东北风
﻿04月05日,铜仁市,25,10,南风
﻿04月06日,铜仁市,28,15,南风
﻿04月07日,铜仁市,31,17,南风
﻿04月08日,铜仁市,25,18,东风
﻿04月02日,遵义市,16,11,东风
﻿04月03日,遵义市,14,8,东风
﻿04月04日,遵义市,16,9,东风
﻿04月05日,遵义市,20,8,西北风
﻿04月06日,遵义市,27,10,西南风
﻿04月07日,遵义市,29,14,东南风
﻿04月08日,遵义市,29,14,南风
﻿04月03日,白沙黎族市,32,21,东南风
﻿04月04日,白沙黎族市,31,20,东南风
﻿04月05日,白沙黎族市,32,21,东风
﻿04月06日,白沙黎族市,34,21,东南风
﻿04月07日,白沙黎族市,34,22,南风
﻿04月08日,白沙黎族市,35,23,南风
﻿04月09日,白沙黎族市,37,22,南风
﻿04月03日,北京市,21,6,南风
﻿04月04日,北京市,27,8,西北风
﻿04月05日,北京市,20,9,东南风
﻿04月06日,北京市,20,7,东风
﻿04月07日,北京市,21,7,北风
﻿04月08日,北京市,18,9,西北风
﻿04月09日,北京市,18,7,东南风
﻿04月02日,昌江市,32,22,东风
﻿04月03日,昌江市,33,22,东风
﻿04月04日,昌江市,33,23,西南风
﻿04月05日,昌江市,33,22,东北风
﻿04月06日,昌江市,35,22,北风
﻿04月07日,昌江市,35,21,东北风
﻿04月08日,昌江市,36,23,南风
﻿04月03日,儋州市,32,21,东风
﻿04月04日,儋州市,30,21,东南风
﻿04月05日,儋州市,31,21,东风
﻿04月06日,儋州市,33,21,东风
﻿04月07日,儋州市,34,22,北风
﻿04月08日,儋州市,35,23,南风
﻿04月09日,儋州市,37,23,南风
﻿04月03日,定安市,31,23,东风
﻿04月04日,定安市,30,22,东风
﻿04月05日,定安市,30,22,东风
﻿04月06日,定安市,34,22,东南风
﻿04月07日,定安市,34,23,南风
﻿04月08日,定安市,35,24,南风
﻿04月09日,定安市,36,23,南风
﻿04月02日,海口市,29,22,东风
﻿04月03日,海口市,31,23,东风
﻿04月04日,海口市,29,23,东风
﻿04月05日,海口市,28,22,东风
﻿04月06日,海口市,33,23,东南风
﻿04月07日,海口市,34,23,东南风
﻿04月08日,海口市,35,24,南风
﻿04月02日,乐东黎族市,33,22,东风
﻿04月03日,乐东黎族市,34,21,东风
﻿04月04日,乐东黎族市,34,21,东风
﻿04月05日,乐东黎族市,34,21,东风
﻿04月06日,乐东黎族市,34,20,东南风
﻿04月07日,乐东黎族市,34,20,东南风
﻿04月08日,乐东黎族市,34,21,东南风
﻿04月03日,陵水市,28,23,东北风
﻿04月04日,陵水市,28,22,东北风
﻿04月05日,陵水市,28,23,东北风
﻿04月06日,陵水市,29,22,东风
﻿04月07日,陵水市,30,22,西南风
﻿04月08日,陵水市,30,23,西南风
﻿04月09日,陵水市,30,24,南风
﻿04月03日,南沙岛市,30,27,东北风
﻿04月04日,南沙岛市,31,27,东北风
﻿04月05日,南沙岛市,31,27,东北风
﻿04月06日,南沙岛市,31,28,东风
﻿04月07日,南沙岛市,31,28,东风
﻿04月08日,南沙岛市,31,28,东风
﻿04月09日,南沙岛市,31,27,东风
﻿04月02日,琼海市,28,24,东风
﻿04月03日,琼海市,30,23,东风
﻿04月04日,琼海市,30,22,东风
﻿04月05日,琼海市,31,22,东风
﻿04月06日,琼海市,33,22,东南风
﻿04月07日,琼海市,34,22,南风
﻿04月08日,琼海市,33,24,南风
﻿04月03日,琼中黎族苗族市,30,22,东风
﻿04月04日,琼中黎族苗族市,30,20,东南风
﻿04月05日,琼中黎族苗族市,31,20,东南风
﻿04月06日,琼中黎族苗族市,34,20,南风
﻿04月07日,琼中黎族苗族市,34,20,南风
﻿04月08日,琼中黎族苗族市,34,21,南风
﻿04月09日,琼中黎族苗族市,35,21,南风
﻿04月03日,三沙市,31,26,东风
﻿04月04日,三沙市,32,26,东风
﻿04月05日,三沙市,32,26,东风
﻿04月06日,三沙市,32,26,东风
﻿04月07日,三沙市,32,26,东南风
﻿04月08日,三沙市,32,27,东南风
﻿04月09日,三沙市,32,27,东南风
﻿04月03日,三亚市,31,25,东风
﻿04月04日,三亚市,31,23,东风
﻿04月05日,三亚市,31,23,东风
﻿04月06日,三亚市,32,23,东风
﻿04月07日,三亚市,32,23,东风
﻿04月08日,三亚市,32,24,东南风
﻿04月09日,三亚市,32,24,东南风
﻿04月03日,西沙市,31,26,东风
﻿04月04日,西沙市,32,27,东风
﻿04月05日,西沙市,31,26,东风
﻿04月06日,西沙市,32,27,东风
﻿04月07日,西沙市,32,27,东南风
﻿04月08日,西沙市,32,27,东南风
﻿04月09日,西沙市,32,27,东南风
﻿04月02日,保定市,19,3,东风
﻿04月03日,保定市,21,5,西南风
﻿04月04日,保定市,28,9,西风
﻿04月05日,保定市,24,8,东南风
﻿04月06日,保定市,22,6,东北风
﻿04月07日,保定市,19,3,北风
﻿04月08日,保定市,17,4,西南风
﻿04月03日,沧州市,21,3,西南风
﻿04月04日,沧州市,27,10,西南风
﻿04月05日,沧州市,22,8,东风
﻿04月06日,沧州市,17,5,东风
﻿04月07日,沧州市,19,6,北风
﻿04月08日,沧州市,17,7,北风
﻿04月09日,沧州市,17,6,西南风
﻿04月02日,承德市,15,-2,北风
﻿04月03日,承德市,20,3,西南风
﻿04月04日,承德市,25,4,西北风
﻿04月05日,承德市,19,1,北风
﻿04月06日,承德市,20,2,东南风
﻿04月07日,承德市,15,1,西北风
﻿04月08日,承德市,15,1,西北风
﻿04月03日,邯郸市,20,9,南风
﻿04月04日,邯郸市,27,11,南风
﻿04月05日,邯郸市,25,13,南风
﻿04月06日,邯郸市,23,9,北风
﻿04月07日,邯郸市,22,7,东北风
﻿04月08日,邯郸市,20,7,东北风
﻿04月09日,邯郸市,19,10,南风
﻿04月03日,衡水市,21,6,南风
﻿04月04日,衡水市,28,11,西南风
﻿04月05日,衡水市,24,9,东南风
﻿04月06日,衡水市,20,6,东北风
﻿04月07日,衡水市,21,7,东北风
﻿04月08日,衡水市,18,7,东风
﻿04月09日,衡水市,15,6,南风
﻿04月02日,廊坊市,18,5,东风
﻿04月03日,廊坊市,23,6,西南风
﻿04月04日,廊坊市,29,10,西风
﻿04月05日,廊坊市,23,7,东南风
﻿04月06日,廊坊市,21,7,东风
﻿04月07日,廊坊市,19,7,北风
﻿04月08日,廊坊市,18,6,西北风
﻿04月02日,秦皇岛市,13,-1,东风
﻿04月03日,秦皇岛市,18,0,西风
﻿04月04日,秦皇岛市,26,7,西风
﻿04月05日,秦皇岛市,12,3,西风
﻿04月06日,秦皇岛市,15,3,东风
﻿04月07日,秦皇岛市,13,1,北风
﻿04月08日,秦皇岛市,14,1,西北风
﻿04月03日,石家庄市,21,10,南风
﻿04月04日,石家庄市,27,12,西风
﻿04月05日,石家庄市,24,12,东南风
﻿04月06日,石家庄市,25,9,北风
﻿04月07日,石家庄市,20,8,东北风
﻿04月08日,石家庄市,18,8,南风
﻿04月09日,石家庄市,18,6,南风
﻿04月03日,唐山市,20,6,西南风
﻿04月04日,唐山市,27,9,西北风
﻿04月05日,唐山市,20,7,东南风
﻿04月06日,唐山市,22,8,东风
﻿04月07日,唐山市,18,4,北风
﻿04月08日,唐山市,16,2,西北风
﻿04月09日,唐山市,18,6,东南风
﻿04月03日,邢台市,20,8,南风
﻿04月04日,邢台市,27,12,南风
﻿04月05日,邢台市,25,12,南风
﻿04月06日,邢台市,21,9,北风
﻿04月07日,邢台市,21,9,东北风
﻿04月08日,邢台市,18,8,东北风
﻿04月09日,邢台市,17,8,南风
﻿04月03日,张家口市,18,2,西风
﻿04月04日,张家口市,23,4,西北风
﻿04月05日,张家口市,21,5,东风
﻿04月06日,张家口市,21,3,东南风
﻿04月07日,张家口市,12,0,西北风
﻿04月08日,张家口市,14,0,西北风
﻿04月09日,张家口市,16,1,东南风
﻿04月02日,大庆市,8,-5,西北风
﻿04月03日,大庆市,14,-2,西风
﻿04月04日,大庆市,5,-3,西北风
﻿04月05日,大庆市,9,-3,北风
﻿04月06日,大庆市,11,-2,西北风
﻿04月07日,大庆市,8,-3,北风
﻿04月08日,大庆市,10,-3,北风
﻿04月02日,大兴安岭市,7,-11,西北风
﻿04月03日,大兴安岭市,7,-8,西北风
﻿04月04日,大兴安岭市,6,-8,东北风
﻿04月05日,大兴安岭市,8,-8,北风
﻿04月06日,大兴安岭市,2,-6,西北风
﻿04月07日,大兴安岭市,6,-8,北风
﻿04月08日,大兴安岭市,7,-6,西北风
﻿04月02日,哈尔滨市,8,-5,西北风
﻿04月03日,哈尔滨市,12,-3,西风
﻿04月04日,哈尔滨市,5,-4,东北风
﻿04月05日,哈尔滨市,8,-4,西北风
﻿04月06日,哈尔滨市,9,-4,西风
﻿04月07日,哈尔滨市,7,-4,东北风
﻿04月08日,哈尔滨市,9,-4,北风
﻿04月02日,鹤岗市,7,-9,西北风
﻿04月03日,鹤岗市,10,-6,西风
﻿04月04日,鹤岗市,9,-3,东风
﻿04月05日,鹤岗市,9,-4,北风
﻿04月06日,鹤岗市,11,-4,西北风
﻿04月07日,鹤岗市,8,-6,西北风
﻿04月08日,鹤岗市,8,-4,北风
﻿04月02日,黑河市,7,-8,西北风
﻿04月03日,黑河市,9,-6,东北风
﻿04月04日,黑河市,7,-5,东北风
﻿04月05日,黑河市,7,-5,西北风
﻿04月06日,黑河市,9,-2,西北风
﻿04月07日,黑河市,6,-3,北风
﻿04月08日,黑河市,9,-3,北风
﻿04月02日,北京市,19,4,东风
﻿04月03日,北京市,21,6,南风
﻿04月04日,北京市,27,8,西北风
﻿04月05日,北京市,20,9,东南风
﻿04月06日,北京市,20,7,东风
﻿04月07日,北京市,21,7,北风
﻿04月08日,北京市,18,9,西北风
﻿04月02日,佳木斯市,8,-7,西北风
﻿04月03日,佳木斯市,12,-2,西风
﻿04月04日,佳木斯市,10,-2,东北风
﻿04月05日,佳木斯市,10,-3,北风
﻿04月06日,佳木斯市,12,-2,西风
﻿04月07日,佳木斯市,8,-3,西北风
﻿04月08日,佳木斯市,8,-2,北风
﻿04月03日,北京市,21,6,南风
﻿04月04日,北京市,27,8,西北风
﻿04月05日,北京市,20,9,东南风
﻿04月06日,北京市,20,7,东风
﻿04月07日,北京市,21,7,北风
﻿04月08日,北京市,18,9,西北风
﻿04月09日,北京市,18,7,东南风
﻿04月03日,鸡西市,9,-3,西风
﻿04月04日,鸡西市,11,-3,东南风
﻿04月05日,鸡西市,7,-2,西北风
﻿04月06日,鸡西市,9,-2,西风
﻿04月07日,鸡西市,7,-3,西风
﻿04月08日,鸡西市,5,-3,北风
﻿04月09日,鸡西市,9,-3,西北风
﻿04月02日,牡丹江市,5,-7,西北风
﻿04月03日,牡丹江市,11,-3,西南风
﻿04月04日,牡丹江市,10,-2,西风
﻿04月05日,牡丹江市,7,-2,西北风
﻿04月06日,牡丹江市,9,-2,西风
﻿04月07日,牡丹江市,5,-4,东风
﻿04月08日,牡丹江市,4,-4,北风
﻿04月03日,北京市,21,6,南风
﻿04月04日,北京市,27,8,西北风
﻿04月05日,北京市,20,9,东南风
﻿04月06日,北京市,20,7,东风
﻿04月07日,北京市,21,7,北风
﻿04月08日,北京市,18,9,西北风
﻿04月09日,北京市,18,7,东南风
﻿04月02日,齐齐哈尔市,8,-7,西北风
﻿04月03日,齐齐哈尔市,13,-2,西北风
﻿04月04日,齐齐哈尔市,12,-3,北风
﻿04月05日,齐齐哈尔市,10,-4,北风
﻿04月06日,齐齐哈尔市,10,-5,西北风
﻿04月07日,齐齐哈尔市,8,-4,北风
﻿04月08日,齐齐哈尔市,8,-4,北风
﻿04月02日,七台河市,2,-6,西北风
﻿04月03日,七台河市,10,-3,西风
﻿04月04日,七台河市,11,0,东南风
﻿04月05日,七台河市,7,-2,北风
﻿04月06日,七台河市,9,-3,西风
﻿04月07日,七台河市,8,-3,西北风
﻿04月08日,七台河市,8,-2,北风
﻿04月02日,双鸭山市,8,-5,西北风
﻿04月03日,双鸭山市,10,-1,西风
﻿04月04日,双鸭山市,11,-1,东风
﻿04月05日,双鸭山市,8,-1,北风
﻿04月06日,双鸭山市,9,-1,西北风
﻿04月07日,双鸭山市,7,-1,西北风
﻿04月08日,双鸭山市,8,0,北风
﻿04月03日,绥化市,13,-2,西风
﻿04月04日,绥化市,5,-1,西风
﻿04月05日,绥化市,9,-2,北风
﻿04月06日,绥化市,10,0,西北风
﻿04月07日,绥化市,7,-2,北风
﻿04月08日,绥化市,11,-1,北风
﻿04月09日,绥化市,12,-2,西北风
﻿04月02日,伊春市,6,-9,西北风
﻿04月03日,伊春市,11,-6,西风
﻿04月04日,伊春市,9,-6,东风
﻿04月05日,伊春市,8,-5,北风
﻿04月06日,伊春市,9,-5,西北风
﻿04月07日,伊春市,6,-5,西北风
﻿04月08日,伊春市,8,-5,北风
﻿04月02日,安阳市,20,7,东北风
﻿04月03日,安阳市,20,8,南风
﻿04月04日,安阳市,26,11,南风
﻿04月05日,安阳市,25,13,西南风
﻿04月06日,安阳市,32,10,东北风
﻿04月07日,安阳市,20,7,东北风
﻿04月08日,安阳市,18,8,东北风
﻿04月02日,北京市,19,4,东风
﻿04月03日,北京市,21,6,南风
﻿04月04日,北京市,27,8,西北风
﻿04月05日,北京市,20,9,东南风
﻿04月06日,北京市,20,7,东风
﻿04月07日,北京市,21,7,北风
﻿04月08日,北京市,18,9,西北风
﻿04月03日,北京市,21,6,南风
﻿04月04日,北京市,27,8,西北风
﻿04月05日,北京市,20,9,东南风
﻿04月06日,北京市,20,7,东风
﻿04月07日,北京市,21,7,北风
﻿04月08日,北京市,18,9,西北风
﻿04月09日,北京市,18,7,东南风
﻿04月02日,北京市,19,4,东风
﻿04月03日,北京市,21,6,南风
﻿04月04日,北京市,27,8,西北风
﻿04月05日,北京市,20,9,东南风
﻿04月06日,北京市,20,7,东风
﻿04月07日,北京市,21,7,北风
﻿04月08日,北京市,18,9,西北风
﻿04月02日,北京市,19,4,东风
﻿04月03日,北京市,21,6,南风
﻿04月04日,北京市,27,8,西北风
﻿04月05日,北京市,20,9,东南风
﻿04月06日,北京市,20,7,东风
﻿04月07日,北京市,21,7,北风
﻿04月08日,北京市,18,9,西北风
﻿04月03日,鹤壁市,20,7,西南风
﻿04月04日,鹤壁市,26,10,西南风
﻿04月05日,鹤壁市,25,10,西北风
﻿04月06日,鹤壁市,24,10,北风
﻿04月07日,鹤壁市,22,6,东北风
﻿04月08日,鹤壁市,18,6,北风
﻿04月09日,鹤壁市,15,5,西南风
﻿04月02日,焦作市,23,10,东风
﻿04月03日,焦作市,22,11,东风
﻿04月04日,焦作市,26,13,西风
﻿04月05日,焦作市,30,13,西南风
﻿04月06日,焦作市,34,14,西南风
﻿04月07日,焦作市,28,8,东北风
﻿04月08日,焦作市,16,6,东风
﻿04月03日,济源市,20,8,东南风
﻿04月04日,济源市,26,11,西风
﻿04月05日,济源市,29,12,西南风
﻿04月06日,济源市,33,12,西风
﻿04月07日,济源市,31,8,西北风
﻿04月08日,济源市,17,5,东风
﻿04月09日,济源市,15,3,东北风
﻿04月02日,开封市,22,11,东风
﻿04月03日,开封市,20,10,东风
﻿04月04日,开封市,24,11,西南风
﻿04月05日,开封市,28,14,西风
﻿04月06日,开封市,32,11,西南风
﻿04月07日,开封市,26,12,北风
﻿04月08日,开封市,18,6,东北风
﻿04月03日,漯河市,21,9,东风
﻿04月04日,漯河市,23,11,西南风
﻿04月05日,漯河市,29,14,西风
﻿04月06日,漯河市,29,14,西南风
﻿04月07日,漯河市,27,10,北风
﻿04月08日,漯河市,18,8,东北风
﻿04月09日,漯河市,13,2,东北风
﻿04月03日,洛阳市,20,9,东风
﻿04月04日,洛阳市,25,9,西风
﻿04月05日,洛阳市,30,12,西风
﻿04月06日,洛阳市,32,11,西风
﻿04月07日,洛阳市,28,9,西北风
﻿04月08日,洛阳市,20,6,东北风
﻿04月09日,洛阳市,16,4,东北风
﻿04月03日,南阳市,20,9,东北风
﻿04月04日,南阳市,21,10,西南风
﻿04月05日,南阳市,28,12,西南风
﻿04月06日,南阳市,29,15,西南风
﻿04月07日,南阳市,29,13,东南风
﻿04月08日,南阳市,22,8,东北风
﻿04月09日,南阳市,15,3,东北风
﻿04月03日,平顶山市,21,10,东风
﻿04月04日,平顶山市,24,11,西南风
﻿04月05日,平顶山市,29,14,西南风
﻿04月06日,平顶山市,30,12,西南风
﻿04月07日,平顶山市,31,11,西北风
﻿04月08日,平顶山市,21,7,东北风
﻿04月09日,平顶山市,14,4,东北风
﻿04月02日,濮阳市,20,7,东风
﻿04月03日,濮阳市,21,8,东南风
﻿04月04日,濮阳市,25,9,西南风
﻿04月05日,濮阳市,27,13,南风
﻿04月06日,濮阳市,29,9,西风
﻿04月07日,濮阳市,19,5,北风
﻿04月08日,濮阳市,18,6,东北风
﻿04月02日,三门峡市,20,11,东风
﻿04月03日,三门峡市,19,9,东风
﻿04月04日,三门峡市,23,11,西风
﻿04月05日,三门峡市,27,12,西风
﻿04月06日,三门峡市,30,13,西风
﻿04月07日,三门峡市,27,11,西北风
﻿04月08日,三门峡市,17,3,东风
﻿04月02日,商丘市,20,9,东南风
﻿04月03日,商丘市,21,8,东南风
﻿04月04日,商丘市,23,10,西南风
﻿04月05日,商丘市,26,13,西南风
﻿04月06日,商丘市,29,12,西南风
﻿04月07日,商丘市,24,9,北风
﻿04月08日,商丘市,19,8,东北风
﻿04月03日,新乡市,21,11,东北风
﻿04月04日,新乡市,26,13,西南风
﻿04月05日,新乡市,27,15,北风
﻿04月06日,新乡市,25,12,东南风
﻿04月07日,新乡市,24,13,东北风
﻿04月08日,新乡市,19,6,东北风
﻿04月09日,新乡市,17,6,西风
﻿04月02日,信阳市,18,11,南风
﻿04月03日,信阳市,21,10,东北风
﻿04月04日,信阳市,22,13,西南风
﻿04月05日,信阳市,27,14,西南风
﻿04月06日,信阳市,25,15,西南风
﻿04月07日,信阳市,28,12,西风
﻿04月08日,信阳市,22,8,东北风
﻿04月03日,许昌市,22,8,东北风
﻿04月04日,许昌市,24,11,西南风
﻿04月05日,许昌市,28,14,西风
﻿04月06日,许昌市,31,12,西南风
﻿04月07日,许昌市,28,10,北风
﻿04月08日,许昌市,19,7,东北风
﻿04月09日,许昌市,16,3,东北风
﻿04月03日,郑州市,22,10,东风
﻿04月04日,郑州市,26,14,西南风
﻿04月05日,郑州市,29,15,西南风
﻿04月06日,郑州市,32,14,东南风
﻿04月07日,郑州市,26,10,北风
﻿04月08日,郑州市,17,7,东北风
﻿04月09日,郑州市,16,6,东北风
﻿04月03日,周口市,22,11,东风
﻿04月04日,周口市,23,11,南风
﻿04月05日,周口市,27,14,西风
﻿04月06日,周口市,30,15,西南风
﻿04月07日,周口市,26,10,北风
﻿04月08日,周口市,20,7,东北风
﻿04月09日,周口市,12,2,东北风
﻿04月02日,驻马店市,18,12,西南风
﻿04月03日,驻马店市,21,9,东风
﻿04月04日,驻马店市,20,11,西南风
﻿04月05日,驻马店市,27,13,西风
﻿04月06日,驻马店市,29,15,西南风
﻿04月07日,驻马店市,29,12,西北风
﻿04月08日,驻马店市,17,8,东北风
﻿04月02日,恩施市,14,12,东北风
﻿04月03日,恩施市,15,11,东北风
﻿04月04日,恩施市,17,9,西南风
﻿04月05日,恩施市,25,10,西北风
﻿04月06日,恩施市,25,12,西风
﻿04月07日,恩施市,28,13,东南风
﻿04月08日,恩施市,23,14,东风
﻿04月03日,鄂州市,20,12,东风
﻿04月04日,鄂州市,19,11,西南风
﻿04月05日,鄂州市,23,12,西南风
﻿04月06日,鄂州市,26,13,南风
﻿04月07日,鄂州市,28,15,南风
﻿04月08日,鄂州市,26,17,东南风
﻿04月09日,鄂州市,21,8,东北风
﻿04月02日,黄冈市,14,11,东风
﻿04月03日,黄冈市,21,11,东南风
﻿04月04日,黄冈市,19,10,南风
﻿04月05日,黄冈市,24,12,西风
﻿04月06日,黄冈市,26,12,南风
﻿04月07日,黄冈市,28,14,西南风
﻿04月08日,黄冈市,26,14,东南风
﻿04月03日,黄石市,21,11,东南风
﻿04月04日,黄石市,19,10,西南风
﻿04月05日,黄石市,24,12,西风
﻿04月06日,黄石市,26,12,南风
﻿04月07日,黄石市,28,14,西南风
﻿04月08日,黄石市,26,14,东南风
﻿04月09日,黄石市,23,9,东北风
﻿04月03日,荆门市,20,11,北风
﻿04月04日,荆门市,19,9,南风
﻿04月05日,荆门市,26,12,南风
﻿04月06日,荆门市,28,13,南风
﻿04月07日,荆门市,28,14,东南风
﻿04月08日,荆门市,23,14,北风
﻿04月09日,荆门市,18,5,北风
﻿04月03日,荆州市,19,11,东北风
﻿04月04日,荆州市,19,9,西南风
﻿04月05日,荆州市,25,12,南风
﻿04月06日,荆州市,27,13,南风
﻿04月07日,荆州市,29,14,南风
﻿04月08日,荆州市,23,17,北风
﻿04月09日,荆州市,21,6,北风
﻿04月02日,潜江市,15,11,东北风
﻿04月03日,潜江市,20,11,东北风
﻿04月04日,潜江市,19,10,西南风
﻿04月05日,潜江市,24,13,西南风
﻿04月06日,潜江市,27,14,南风
﻿04月07日,潜江市,28,15,南风
﻿04月08日,潜江市,25,17,东北风
﻿04月03日,神农架市,18,11,东南风
﻿04月04日,神农架市,20,8,西南风
﻿04月05日,神农架市,27,9,西风
﻿04月06日,神农架市,27,11,西风
﻿04月07日,神农架市,28,11,西南风
﻿04月08日,神农架市,24,9,东风
﻿04月09日,神农架市,22,2,东北风
﻿04月02日,十堰市,17,10,东北风
﻿04月03日,十堰市,17,9,东风
﻿04月04日,十堰市,22,11,西风
﻿04月05日,十堰市,29,13,西风
﻿04月06日,十堰市,28,13,西风
﻿04月07日,十堰市,29,13,西风
﻿04月08日,十堰市,22,10,东风
﻿04月03日,随州市,21,9,东北风
﻿04月04日,随州市,21,9,南风
﻿04月05日,随州市,28,12,西南风
﻿04月06日,随州市,29,13,南风
﻿04月07日,随州市,29,14,东南风
﻿04月08日,随州市,26,12,东北风
﻿04月09日,随州市,19,4,东北风
﻿04月02日,天门市,15,11,东北风
﻿04月03日,天门市,21,11,东北风
﻿04月04日,天门市,20,10,西南风
﻿04月05日,天门市,25,12,西南风
﻿04月06日,天门市,27,14,南风
﻿04月07日,天门市,28,15,西南风
﻿04月08日,天门市,26,14,东北风
﻿04月03日,武汉市,21,10,东风
﻿04月04日,武汉市,19,9,西南风
﻿04月05日,武汉市,24,11,西南风
﻿04月06日,武汉市,26,13,南风
﻿04月07日,武汉市,28,14,西南风
﻿04月08日,武汉市,26,17,东风
﻿04月09日,武汉市,22,7,北风
﻿04月02日,襄阳市,17,11,东南风
﻿04月03日,襄阳市,19,10,北风
﻿04月04日,襄阳市,20,10,南风
﻿04月05日,襄阳市,27,12,南风
﻿04月06日,襄阳市,28,12,南风
﻿04月07日,襄阳市,28,14,西南风
﻿04月08日,襄阳市,23,12,东北风
﻿04月02日,咸宁市,15,9,东风
﻿04月03日,咸宁市,19,9,东风
﻿04月04日,咸宁市,18,9,西南风
﻿04月05日,咸宁市,24,11,西南风
﻿04月06日,咸宁市,27,13,南风
﻿04月07日,咸宁市,28,15,西南风
﻿04月08日,咸宁市,26,13,东风
﻿04月03日,仙桃市,20,11,东北风
﻿04月04日,仙桃市,18,10,西南风
﻿04月05日,仙桃市,24,12,西南风
﻿04月06日,仙桃市,26,14,南风
﻿04月07日,仙桃市,28,15,西南风
﻿04月08日,仙桃市,26,17,东风
﻿04月09日,仙桃市,22,6,北风
﻿04月03日,孝感市,21,10,东北风
﻿04月04日,孝感市,20,9,西南风
﻿04月05日,孝感市,24,12,西南风
﻿04月06日,孝感市,26,14,南风
﻿04月07日,孝感市,28,15,西南风
﻿04月08日,孝感市,26,15,东北风
﻿04月09日,孝感市,22,5,北风
﻿04月03日,宜昌市,18,10,东风
﻿04月04日,宜昌市,17,9,南风
﻿04月05日,宜昌市,26,12,西南风
﻿04月06日,宜昌市,28,12,西南风
﻿04月07日,宜昌市,28,15,西风
﻿04月08日,宜昌市,22,15,东北风
﻿04月09日,宜昌市,22,6,东北风
﻿04月03日,常德市,16,11,北风
﻿04月04日,常德市,17,11,西南风
﻿04月05日,常德市,25,12,西南风
﻿04月06日,常德市,28,16,西南风
﻿04月07日,常德市,30,16,南风
﻿04月08日,常德市,22,16,北风
﻿04月09日,常德市,16,7,北风
﻿04月03日,长沙市,14,12,北风
﻿04月04日,长沙市,17,12,西北风
﻿04月05日,长沙市,23,13,南风
﻿04月06日,长沙市,24,14,南风
﻿04月07日,长沙市,29,16,南风
﻿04月08日,长沙市,30,20,东风
﻿04月09日,长沙市,22,8,西北风
﻿04月02日,郴州市,23,10,南风
﻿04月03日,郴州市,19,11,北风
﻿04月04日,郴州市,16,12,北风
﻿04月05日,郴州市,23,12,北风
﻿04月06日,郴州市,22,16,南风
﻿04月07日,郴州市,26,18,南风
﻿04月08日,郴州市,28,15,南风
﻿04月03日,衡阳市,15,13,北风
﻿04月04日,衡阳市,17,12,北风
﻿04月05日,衡阳市,23,13,南风
﻿04月06日,衡阳市,22,15,东南风
﻿04月07日,衡阳市,30,17,东南风
﻿04月08日,衡阳市,30,21,东风
﻿04月09日,衡阳市,24,10,北风
﻿04月03日,怀化市,14,11,北风
﻿04月04日,怀化市,18,10,北风
﻿04月05日,怀化市,25,10,西南风
﻿04月06日,怀化市,26,16,南风
﻿04月07日,怀化市,30,18,南风
﻿04月08日,怀化市,25,19,南风
﻿04月09日,怀化市,24,7,北风
﻿04月03日,娄底市,13,10,北风
﻿04月04日,娄底市,16,10,东北风
﻿04月05日,娄底市,25,12,西南风
﻿04月06日,娄底市,26,16,南风
﻿04月07日,娄底市,31,18,南风
﻿04月08日,娄底市,28,20,东北风
﻿04月09日,娄底市,21,8,北风
﻿04月02日,邵阳市,20,12,东北风
﻿04月03日,邵阳市,14,11,东北风
﻿04月04日,邵阳市,16,11,东北风
﻿04月05日,邵阳市,23,13,西南风
﻿04月06日,邵阳市,24,13,西南风
﻿04月07日,邵阳市,29,15,南风
﻿04月08日,邵阳市,26,21,东风
﻿04月02日,湘潭市,17,11,东北风
﻿04月03日,湘潭市,13,12,北风
﻿04月04日,湘潭市,17,11,北风
﻿04月05日,湘潭市,23,12,南风
﻿04月06日,湘潭市,26,16,南风
﻿04月07日,湘潭市,30,17,南风
﻿04月08日,湘潭市,29,19,东风
﻿04月03日,北京市,21,6,南风
﻿04月04日,北京市,27,8,西北风
﻿04月05日,北京市,20,9,东南风
﻿04月06日,北京市,20,7,东风
﻿04月07日,北京市,21,7,北风
﻿04月08日,北京市,18,9,西北风
﻿04月09日,北京市,18,7,东南风
﻿04月03日,益阳市,14,11,西北风
﻿04月04日,益阳市,17,10,西风
﻿04月05日,益阳市,25,12,南风
﻿04月06日,益阳市,27,16,南风
﻿04月07日,益阳市,30,18,东南风
﻿04月08日,益阳市,24,19,东风
﻿04月09日,益阳市,20,7,北风
﻿04月03日,永州市,15,12,东北风
﻿04月04日,永州市,16,12,东北风
﻿04月05日,永州市,23,13,东北风
﻿04月06日,永州市,24,16,东南风
﻿04月07日,永州市,30,18,南风
﻿04月08日,永州市,30,20,南风
﻿04月09日,永州市,26,11,东北风
﻿04月02日,岳阳市,16,12,东北风
﻿04月03日,岳阳市,16,12,东北风
﻿04月04日,岳阳市,16,11,西南风
﻿04月05日,岳阳市,22,12,南风
﻿04月06日,岳阳市,24,16,南风
﻿04月07日,岳阳市,28,18,南风
﻿04月08日,岳阳市,29,20,南风
﻿04月03日,张家界市,14,11,东北风
﻿04月04日,张家界市,16,9,西南风
﻿04月05日,张家界市,28,10,西南风
﻿04月06日,张家界市,30,13,西南风
﻿04月07日,张家界市,32,16,西南风
﻿04月08日,张家界市,25,15,东风
﻿04月09日,张家界市,22,5,东风
﻿04月03日,株洲市,15,12,北风
﻿04月04日,株洲市,16,11,北风
﻿04月05日,株洲市,23,12,南风
﻿04月06日,株洲市,26,16,南风
﻿04月07日,株洲市,31,15,东南风
﻿04月08日,株洲市,25,17,东风
﻿04月09日,株洲市,19,8,西北风
﻿04月03日,常州市,20,9,东风
﻿04月04日,常州市,19,10,东南风
﻿04月05日,常州市,24,13,西风
﻿04月06日,常州市,25,15,南风
﻿04月07日,常州市,24,13,西风
﻿04月08日,常州市,17,10,东风
﻿04月09日,常州市,17,6,东风
﻿04月03日,淮安市,19,8,东风
﻿04月04日,淮安市,20,9,南风
﻿04月05日,淮安市,23,11,南风
﻿04月06日,淮安市,25,11,南风
﻿04月07日,淮安市,21,8,西北风
﻿04月08日,淮安市,18,6,东风
﻿04月09日,淮安市,15,4,东风
﻿04月03日,连云港市,17,4,东风
﻿04月04日,连云港市,21,7,西南风
﻿04月05日,连云港市,20,10,东风
﻿04月06日,连云港市,25,11,西南风
﻿04月07日,连云港市,19,7,北风
﻿04月08日,连云港市,13,6,东北风
﻿04月09日,连云港市,13,6,东风
﻿04月02日,南京市,18,9,东南风
﻿04月03日,南京市,20,10,东风
﻿04月04日,南京市,20,11,东南风
﻿04月05日,南京市,24,13,西南风
﻿04月06日,南京市,25,16,西南风
﻿04月07日,南京市,26,13,西风
﻿04月08日,南京市,19,11,东风
﻿04月03日,南通市,18,9,东风
﻿04月04日,南通市,18,8,东南风
﻿04月05日,南通市,22,12,西风
﻿04月06日,南通市,24,13,南风
﻿04月07日,南通市,26,11,西南风
﻿04月08日,南通市,15,9,东北风
﻿04月09日,南通市,13,5,东风
﻿04月02日,宿迁市,20,8,东风
﻿04月03日,宿迁市,19,7,东风
﻿04月04日,宿迁市,22,9,南风
﻿04月05日,宿迁市,24,13,南风
﻿04月06日,宿迁市,26,14,西南风
﻿04月07日,宿迁市,21,10,西北风
﻿04月08日,宿迁市,17,7,东风
﻿04月03日,苏州市,20,10,东风
﻿04月04日,苏州市,17,10,东南风
﻿04月05日,苏州市,23,12,西风
﻿04月06日,苏州市,23,14,南风
﻿04月07日,苏州市,25,12,西风
﻿04月08日,苏州市,16,10,东北风
﻿04月09日,苏州市,13,7,东风
﻿04月03日,泰州市,20,10,东风
﻿04月04日,泰州市,20,8,南风
﻿04月05日,泰州市,24,11,西南风
﻿04月06日,泰州市,26,12,南风
﻿04月07日,泰州市,24,9,西南风
﻿04月08日,泰州市,18,7,东北风
﻿04月09日,泰州市,14,5,东风
﻿04月03日,巫溪市,16,12,东风
﻿04月04日,巫溪市,18,8,西南风
﻿04月05日,巫溪市,24,9,西南风
﻿04月06日,巫溪市,24,12,西南风
﻿04月07日,巫溪市,27,13,东风
﻿04月08日,巫溪市,25,13,东北风
﻿04月09日,巫溪市,25,3,东北风
﻿04月03日,徐州市,19,9,东风
﻿04月04日,徐州市,22,10,南风
﻿04月05日,徐州市,24,14,南风
﻿04月06日,徐州市,29,15,西南风
﻿04月07日,徐州市,23,11,西北风
﻿04月08日,徐州市,18,7,东风
﻿04月09日,徐州市,13,5,东风
﻿04月02日,盐城市,19,2,东风
﻿04月03日,盐城市,16,6,东风
﻿04月04日,盐城市,20,7,南风
﻿04月05日,盐城市,24,11,东南风
﻿04月06日,盐城市,26,11,南风
﻿04月07日,盐城市,22,10,西风
﻿04月08日,盐城市,16,8,东北风
﻿04月03日,扬州市,20,10,东风
﻿04月04日,扬州市,21,10,东南风
﻿04月05日,扬州市,25,13,西南风
﻿04月06日,扬州市,26,15,南风
﻿04月07日,扬州市,25,12,西南风
﻿04月08日,扬州市,16,9,东风
﻿04月09日,扬州市,16,4,东风
﻿04月02日,镇江市,20,10,东南风
﻿04月03日,镇江市,20,10,东风
﻿04月04日,镇江市,20,9,东南风
﻿04月05日,镇江市,24,12,西南风
﻿04月06日,镇江市,25,15,南风
﻿04月07日,镇江市,27,12,西风
﻿04月08日,镇江市,18,10,东风
﻿04月03日,抚州市,15,12,北风
﻿04月04日,抚州市,15,12,西北风
﻿04月05日,抚州市,21,12,西南风
﻿04月06日,抚州市,25,15,南风
﻿04月07日,抚州市,28,15,西南风
﻿04月08日,抚州市,29,18,东风
﻿04月09日,抚州市,22,10,东风
﻿04月02日,赣州市,21,13,南风
﻿04月03日,赣州市,19,14,北风
﻿04月04日,赣州市,18,13,北风
﻿04月05日,赣州市,23,14,北风
﻿04月06日,赣州市,26,16,西南风
﻿04月07日,赣州市,26,16,南风
﻿04月08日,赣州市,29,17,南风
﻿04月02日,吉安市,19,13,东北风
﻿04月03日,吉安市,16,14,北风
﻿04月04日,吉安市,18,12,北风
﻿04月05日,吉安市,23,13,东北风
﻿04月06日,吉安市,22,15,北风
﻿04月07日,吉安市,29,17,南风
﻿04月08日,吉安市,31,20,东北风
﻿04月03日,景德镇市,17,11,东北风
﻿04月04日,景德镇市,18,11,北风
﻿04月05日,景德镇市,23,11,西南风
﻿04月06日,景德镇市,22,14,南风
﻿04月07日,景德镇市,27,16,西南风
﻿04月08日,景德镇市,29,16,东风
﻿04月09日,景德镇市,21,9,东北风
﻿04月03日,九江市,17,11,东北风
﻿04月04日,九江市,18,11,南风
﻿04月05日,九江市,22,13,西南风
﻿04月06日,九江市,24,14,南风
﻿04月07日,九江市,28,17,南风
﻿04月08日,九江市,25,16,东北风
﻿04月09日,九江市,21,9,东北风
﻿04月03日,南昌市,16,12,东北风
﻿04月04日,南昌市,17,13,东风
﻿04月05日,南昌市,23,14,西南风
﻿04月06日,南昌市,23,16,西南风
﻿04月07日,南昌市,29,17,南风
﻿04月08日,南昌市,29,18,东北风
﻿04月09日,南昌市,20,10,东北风
﻿04月03日,萍乡市,13,11,东北风
﻿04月04日,萍乡市,16,10,东北风
﻿04月05日,萍乡市,25,11,西风
﻿04月06日,萍乡市,26,15,南风
﻿04月07日,萍乡市,31,16,西南风
﻿04月08日,萍乡市,31,18,东风
﻿04月09日,萍乡市,23,10,西风
﻿04月03日,上饶市,15,10,东北风
﻿04月04日,上饶市,15,11,北风
﻿04月05日,上饶市,21,12,西风
﻿04月06日,上饶市,25,15,西南风
﻿04月07日,上饶市,28,15,西南风
﻿04月08日,上饶市,29,13,东北风
﻿04月09日,上饶市,18,11,东北风
﻿04月03日,新余市,13,10,北风
﻿04月04日,新余市,15,10,西北风
﻿04月05日,新余市,21,12,西南风
﻿04月06日,新余市,22,13,南风
﻿04月07日,新余市,27,14,西南风
﻿04月08日,新余市,28,17,东北风
﻿04月09日,新余市,21,11,北风
﻿04月02日,宜春市,15,12,东风
﻿04月03日,宜春市,12,11,东北风
﻿04月04日,宜春市,15,11,东风
﻿04月05日,宜春市,23,13,西风
﻿04月06日,宜春市,21,14,西南风
﻿04月07日,宜春市,29,14,西风
﻿04月08日,宜春市,29,18,东风
﻿04月02日,鹰潭市,15,11,东北风
﻿04月03日,鹰潭市,15,12,东北风
﻿04月04日,鹰潭市,17,12,北风
﻿04月05日,鹰潭市,23,11,西风
﻿04月06日,鹰潭市,25,14,西南风
﻿04月07日,鹰潭市,28,14,西南风
﻿04月08日,鹰潭市,29,18,东风
﻿04月02日,白城市,10,-6,西北风
﻿04月03日,白城市,18,0,西风
﻿04月04日,白城市,13,-1,西北风
﻿04月05日,白城市,12,-2,西北风
﻿04月06日,白城市,12,-2,西北风
﻿04月07日,白城市,8,-4,北风
﻿04月08日,白城市,10,-1,北风
﻿04月03日,白山市,12,-4,西南风
﻿04月04日,白山市,15,-2,西风
﻿04月05日,白山市,6,-5,西北风
﻿04月06日,白山市,12,-5,西风
﻿04月07日,白山市,8,-4,西风
﻿04月08日,白山市,4,-4,西北风
﻿04月09日,白山市,12,-5,西北风
﻿04月03日,长春市,15,-1,西风
﻿04月04日,长春市,13,0,西风
﻿04月05日,长春市,10,0,西北风
﻿04月06日,长春市,14,1,西风
﻿04月07日,长春市,9,0,西北风
﻿04月08日,长春市,8,0,西北风
﻿04月09日,长春市,9,0,西北风
﻿04月03日,吉林市,13,-2,西南风
﻿04月04日,吉林市,12,1,西风
﻿04月05日,吉林市,8,-2,西北风
﻿04月06日,吉林市,11,-1,西风
﻿04月07日,吉林市,10,-2,东北风
﻿04月08日,吉林市,9,-3,西北风
﻿04月09日,吉林市,5,-1,西风
﻿04月03日,辽源市,14,-3,西南风
﻿04月04日,辽源市,17,0,西风
﻿04月05日,辽源市,10,-2,西北风
﻿04月06日,辽源市,13,-1,西风
﻿04月07日,辽源市,10,-4,西风
﻿04月08日,辽源市,10,-4,西北风
﻿04月09日,辽源市,12,-1,西北风
﻿04月03日,四平市,15,-1,西风
﻿04月04日,四平市,13,0,西风
﻿04月05日,四平市,10,0,西北风
﻿04月06日,四平市,14,1,西风
﻿04月07日,四平市,9,0,西北风
﻿04月08日,四平市,8,0,西北风
﻿04月09日,四平市,9,0,西北风
﻿04月03日,松原市,16,-1,西风
﻿04月04日,松原市,13,0,西风
﻿04月05日,松原市,12,-1,西北风
﻿04月06日,松原市,14,0,西风
﻿04月07日,松原市,11,-1,北风
﻿04月08日,松原市,12,-1,西北风
﻿04月09日,松原市,15,-1,西北风
﻿04月03日,通化市,12,-2,西南风
﻿04月04日,通化市,16,1,西风
﻿04月05日,通化市,9,-2,西北风
﻿04月06日,通化市,13,0,西风
﻿04月07日,通化市,8,-1,西风
﻿04月08日,通化市,10,0,西北风
﻿04月09日,通化市,13,-4,西北风
﻿04月03日,延边市,11,0,西风
﻿04月04日,延边市,9,1,西风
﻿04月05日,延边市,7,-2,西北风
﻿04月06日,延边市,13,-3,西风
﻿04月07日,延边市,10,-1,南风
﻿04月08日,延边市,7,-2,西北风
﻿04月09日,延边市,12,-4,西风
﻿04月03日,鞍山市,15,4,西南风
﻿04月04日,鞍山市,19,5,西风
﻿04月05日,鞍山市,15,4,西北风
﻿04月06日,鞍山市,15,4,西南风
﻿04月07日,鞍山市,16,3,西北风
﻿04月08日,鞍山市,16,3,西北风
﻿04月09日,鞍山市,15,3,西北风
﻿04月03日,本溪市,16,1,西南风
﻿04月04日,本溪市,20,2,西风
﻿04月05日,本溪市,15,1,西北风
﻿04月06日,本溪市,15,2,西风
﻿04月07日,本溪市,13,1,西北风
﻿04月08日,本溪市,12,0,西北风
﻿04月09日,本溪市,13,0,西北风
﻿04月03日,朝阳市,22,2,西风
﻿04月04日,朝阳市,24,3,西北风
﻿04月05日,朝阳市,16,3,西北风
﻿04月06日,朝阳市,16,3,南风
﻿04月07日,朝阳市,12,3,西北风
﻿04月08日,朝阳市,13,1,北风
﻿04月09日,朝阳市,14,2,西风
﻿04月03日,大连市,13,6,西南风
﻿04月04日,大连市,17,5,西风
﻿04月05日,大连市,14,6,西北风
﻿04月06日,大连市,12,5,东南风
﻿04月07日,大连市,11,4,东北风
﻿04月08日,大连市,11,5,西北风
﻿04月09日,大连市,13,6,西北风
﻿04月03日,丹东市,12,0,西南风
﻿04月04日,丹东市,14,2,西南风
﻿04月05日,丹东市,14,1,西北风
﻿04月06日,丹东市,12,2,西南风
﻿04月07日,丹东市,14,2,西北风
﻿04月08日,丹东市,13,1,西北风
﻿04月09日,丹东市,14,0,西北风
﻿04月03日,抚顺市,15,-4,西南风
﻿04月04日,抚顺市,20,-2,西风
﻿04月05日,抚顺市,13,-2,西北风
﻿04月06日,抚顺市,14,-3,西风
﻿04月07日,抚顺市,12,-5,西北风
﻿04月08日,抚顺市,14,-5,西北风
﻿04月09日,抚顺市,15,-1,西北风
﻿04月03日,阜新市,21,-1,西风
﻿04月04日,阜新市,22,2,西北风
﻿04月05日,阜新市,15,3,西北风
﻿04月06日,阜新市,17,3,西风
﻿04月07日,阜新市,11,2,西北风
﻿04月08日,阜新市,13,1,西北风
﻿04月09日,阜新市,14,1,西北风
﻿04月03日,葫芦岛市,20,3,西南风
﻿04月04日,葫芦岛市,23,3,西北风
﻿04月05日,葫芦岛市,14,2,西北风
﻿04月06日,葫芦岛市,13,3,南风
﻿04月07日,葫芦岛市,13,1,西北风
﻿04月08日,葫芦岛市,14,2,西北风
﻿04月09日,葫芦岛市,13,5,西南风
﻿04月03日,锦州市,21,5,西风
﻿04月04日,锦州市,26,3,西北风
﻿04月05日,锦州市,16,4,西北风
﻿04月06日,锦州市,16,4,南风
﻿04月07日,锦州市,14,3,西北风
﻿04月08日,锦州市,15,3,西北风
﻿04月09日,锦州市,15,3,西风
﻿04月03日,辽阳市,16,2,西南风
﻿04月04日,辽阳市,20,3,西风
﻿04月05日,辽阳市,16,2,西北风
﻿04月06日,辽阳市,16,0,西风
﻿04月07日,辽阳市,12,0,西北风
﻿04月08日,辽阳市,13,2,西北风
﻿04月09日,辽阳市,14,3,西北风
﻿04月03日,盘锦市,15,3,西南风
﻿04月04日,盘锦市,19,2,西北风
﻿04月05日,盘锦市,16,3,西北风
﻿04月06日,盘锦市,15,4,西南风
﻿04月07日,盘锦市,16,3,西北风
﻿04月08日,盘锦市,15,3,西北风
﻿04月09日,盘锦市,14,3,西北风
﻿04月03日,沈阳市,17,0,西南风
﻿04月04日,沈阳市,20,2,西风
﻿04月05日,沈阳市,14,2,西北风
﻿04月06日,沈阳市,15,3,西风
﻿04月07日,沈阳市,12,0,西北风
﻿04月08日,沈阳市,12,0,西北风
﻿04月09日,沈阳市,14,2,西北风
﻿04月02日,铁岭市,11,-3,西北风
﻿04月03日,铁岭市,16,-1,西南风
﻿04月04日,铁岭市,19,1,西风
﻿04月05日,铁岭市,13,1,西北风
﻿04月06日,铁岭市,14,2,西风
﻿04月07日,铁岭市,11,0,西北风
﻿04月08日,铁岭市,11,0,西北风
﻿04月03日,营口市,11,3,西南风
﻿04月04日,营口市,15,5,西风
﻿04月05日,营口市,14,4,西北风
﻿04月06日,营口市,15,5,西南风
﻿04月07日,营口市,13,4,西北风
﻿04月08日,营口市,14,3,西北风
﻿04月09日,营口市,13,4,西北风
﻿04月03日,阿拉善盟市,19,6,东南风
﻿04月04日,阿拉善盟市,21,7,西风
﻿04月05日,阿拉善盟市,23,8,西风
﻿04月06日,阿拉善盟市,18,5,西风
﻿04月07日,阿拉善盟市,18,2,西北风
﻿04月08日,阿拉善盟市,17,2,东风
﻿04月09日,阿拉善盟市,20,3,西北风
﻿04月03日,包头市,19,0,南风
﻿04月04日,包头市,22,2,西北风
﻿04月05日,包头市,25,5,西风
﻿04月06日,包头市,19,4,西北风
﻿04月07日,包头市,13,-2,北风
﻿04月08日,包头市,13,0,东南风
﻿04月09日,包头市,18,0,西风
﻿04月03日,巴彦淖尔市,18,2,东南风
﻿04月04日,巴彦淖尔市,19,4,西风
﻿04月05日,巴彦淖尔市,20,5,西风
﻿04月06日,巴彦淖尔市,15,0,西风
﻿04月07日,巴彦淖尔市,10,0,东北风
﻿04月08日,巴彦淖尔市,11,1,东风
﻿04月09日,巴彦淖尔市,14,0,西风
﻿04月03日,赤峰市,20,2,西风
﻿04月04日,赤峰市,19,0,西北风
﻿04月05日,赤峰市,14,0,西北风
﻿04月06日,赤峰市,14,0,南风
﻿04月07日,赤峰市,11,0,北风
﻿04月08日,赤峰市,11,-1,西北风
﻿04月09日,赤峰市,12,0,西南风
﻿04月03日,鄂尔多斯市,19,4,东南风
﻿04月04日,鄂尔多斯市,21,6,西北风
﻿04月05日,鄂尔多斯市,23,8,西风
﻿04月06日,鄂尔多斯市,21,4,西风
﻿04月07日,鄂尔多斯市,14,1,东北风
﻿04月08日,鄂尔多斯市,13,3,东风
﻿04月09日,鄂尔多斯市,24,4,西风
﻿04月03日,呼和浩特市,18,4,西南风
﻿04月04日,呼和浩特市,21,3,西北风
﻿04月05日,呼和浩特市,22,5,西风
﻿04月06日,呼和浩特市,17,0,东北风
﻿04月07日,呼和浩特市,8,-2,北风
﻿04月08日,呼和浩特市,13,-1,东风
﻿04月09日,呼和浩特市,13,1,西南风
﻿04月03日,呼伦贝尔市,8,-5,西北风
﻿04月04日,呼伦贝尔市,4,-10,西北风
﻿04月05日,呼伦贝尔市,7,-10,西北风
﻿04月06日,呼伦贝尔市,6,-8,西北风
﻿04月07日,呼伦贝尔市,5,-8,北风
﻿04月08日,呼伦贝尔市,3,-6,北风
﻿04月09日,呼伦贝尔市,5,-6,西风
﻿04月03日,通辽市,19,3,西风
﻿04月04日,通辽市,16,0,西北风
﻿04月05日,通辽市,14,1,西北风
﻿04月06日,通辽市,15,2,西北风
﻿04月07日,通辽市,13,1,西北风
﻿04月08日,通辽市,10,0,西北风
﻿04月09日,通辽市,15,0,西北风
﻿04月03日,乌海市,22,5,东南风
﻿04月04日,乌海市,23,6,西风
﻿04月05日,乌海市,25,7,西风
﻿04月06日,乌海市,18,4,西风
﻿04月07日,乌海市,14,4,东北风
﻿04月08日,乌海市,16,3,东南风
﻿04月09日,乌海市,20,3,西风
﻿04月03日,乌兰察布市,15,0,西风
﻿04月04日,乌兰察布市,18,0,西北风
﻿04月05日,乌兰察布市,19,0,西风
﻿04月06日,乌兰察布市,15,-4,西北风
﻿04月07日,乌兰察布市,6,-4,北风
﻿04月08日,乌兰察布市,8,-4,北风
﻿04月09日,乌兰察布市,11,-1,西南风
﻿04月03日,锡林郭勒市,7,-4,西风
﻿04月04日,锡林郭勒市,7,-7,西北风
﻿04月05日,锡林郭勒市,5,-7,北风
﻿04月06日,锡林郭勒市,6,-5,北风
﻿04月07日,锡林郭勒市,4,-8,北风
﻿04月08日,锡林郭勒市,3,-4,西北风
﻿04月09日,锡林郭勒市,7,-6,南风
﻿04月03日,兴安盟市,16,1,西北风
﻿04月04日,兴安盟市,11,0,西北风
﻿04月05日,兴安盟市,12,-1,西北风
﻿04月06日,兴安盟市,11,-2,西北风
﻿04月07日,兴安盟市,7,-2,西北风
﻿04月08日,兴安盟市,7,-2,西北风
﻿04月09日,兴安盟市,13,-1,西北风
﻿04月03日,北京市,21,6,南风
﻿04月04日,北京市,27,8,西北风
﻿04月05日,北京市,20,9,东南风
﻿04月06日,北京市,20,7,东风
﻿04月07日,北京市,21,7,北风
﻿04月08日,北京市,18,9,西北风
﻿04月09日,北京市,18,7,东南风
﻿04月03日,石嘴山市,19,3,东风
﻿04月04日,石嘴山市,22,4,西北风
﻿04月05日,石嘴山市,25,3,西风
﻿04月06日,石嘴山市,22,1,西北风
﻿04月07日,石嘴山市,15,0,东北风
﻿04月08日,石嘴山市,11,0,东风
﻿04月09日,石嘴山市,21,2,西北风
﻿04月03日,吴忠市,20,7,东南风
﻿04月04日,吴忠市,23,8,西北风
﻿04月05日,吴忠市,26,9,西风
﻿04月06日,吴忠市,18,9,西风
﻿04月07日,吴忠市,15,3,北风
﻿04月08日,吴忠市,13,4,东北风
﻿04月09日,吴忠市,25,6,西北风
﻿04月03日,银川市,19,6,东北风
﻿04月04日,银川市,21,8,西北风
﻿04月05日,银川市,23,8,西风
﻿04月06日,银川市,20,5,西风
﻿04月07日,银川市,16,4,东北风
﻿04月08日,银川市,14,5,东北风
﻿04月09日,银川市,23,5,西风
﻿04月03日,中卫市,21,4,东风
﻿04月04日,中卫市,24,4,西北风
﻿04月05日,中卫市,24,6,西风
﻿04月06日,中卫市,21,4,西北风
﻿04月07日,中卫市,17,2,西北风
﻿04月08日,中卫市,15,4,东风
﻿04月09日,中卫市,22,5,西北风
﻿04月03日,格尔木市,14,0,西风
﻿04月04日,格尔木市,12,-3,西风
﻿04月05日,格尔木市,16,-1,南风
﻿04月06日,格尔木市,16,2,西南风
﻿04月07日,格尔木市,16,1,西风
﻿04月08日,格尔木市,16,1,西风
﻿04月09日,格尔木市,16,0,西南风
﻿04月03日,果洛市,9,-4,西北风
﻿04月04日,果洛市,5,-10,东北风
﻿04月05日,果洛市,5,-10,西北风
﻿04月06日,果洛市,5,-10,西风
﻿04月07日,果洛市,6,-11,西南风
﻿04月08日,果洛市,10,-4,西风
﻿04月09日,果洛市,6,-13,西风
﻿04月03日,海北市,7,-5,东南风
﻿04月04日,海北市,7,-9,北风
﻿04月05日,海北市,10,-8,西风
﻿04月06日,海北市,10,-6,西风
﻿04月07日,海北市,10,-3,南风
﻿04月08日,海北市,10,-4,东风
﻿04月09日,海北市,8,-4,西风
﻿04月02日,海东市,16,2,东风
﻿04月03日,海东市,15,3,东北风
﻿04月04日,海东市,17,2,东北风
﻿04月05日,海东市,21,3,西风
﻿04月06日,海东市,21,4,西南风
﻿04月07日,海东市,18,4,东风
﻿04月08日,海东市,17,3,东风
﻿04月03日,海南州市,9,0,南风
﻿04月04日,海南州市,10,-2,北风
﻿04月05日,海南州市,13,-3,西风
﻿04月06日,海南州市,12,-2,西风
﻿04月07日,海南州市,11,0,东南风
﻿04月08日,海南州市,12,0,西北风
﻿04月09日,海南州市,14,0,西北风
﻿04月03日,海西市,11,-2,东南风
﻿04月04日,海西市,11,-3,北风
﻿04月05日,海西市,12,-1,西南风
﻿04月06日,海西市,12,0,西风
﻿04月07日,海西市,12,-1,西风
﻿04月08日,海西市,13,-1,西风
﻿04月09日,海西市,16,-2,西风
﻿04月03日,黄南市,11,1,东北风
﻿04月04日,黄南市,13,0,东北风
﻿04月05日,黄南市,17,0,西风
﻿04月06日,黄南市,20,0,西风
﻿04月07日,黄南市,18,0,东北风
﻿04月08日,黄南市,18,0,东北风
﻿04月09日,黄南市,17,-2,西北风
﻿04月03日,西宁市,11,-6,东北风
﻿04月04日,西宁市,11,-7,东风
﻿04月05日,西宁市,15,-7,西风
﻿04月06日,西宁市,13,-1,西风
﻿04月07日,西宁市,12,-3,东风
﻿04月08日,西宁市,13,-2,东风
﻿04月09日,西宁市,15,-1,西风
﻿04月03日,玉树市,7,-6,西北风
﻿04月04日,玉树市,9,-7,西风
﻿04月05日,玉树市,8,-9,西风
﻿04月06日,玉树市,11,-8,西南风
﻿04月07日,玉树市,10,-5,西南风
﻿04月08日,玉树市,10,-3,西风
﻿04月09日,玉树市,11,-7,西风
﻿04月03日,滨州市,20,5,南风
﻿04月04日,滨州市,26,10,西南风
﻿04月05日,滨州市,22,10,东风
﻿04月06日,滨州市,21,8,东风
﻿04月07日,滨州市,19,5,东北风
﻿04月08日,滨州市,18,8,北风
﻿04月09日,滨州市,14,6,东南风
﻿04月03日,德州市,20,6,南风
﻿04月04日,德州市,27,12,西南风
﻿04月05日,德州市,23,8,东南风
﻿04月06日,德州市,20,6,东北风
﻿04月07日,德州市,20,7,北风
﻿04月08日,德州市,18,7,东北风
﻿04月09日,德州市,15,7,西南风
﻿04月03日,东营市,20,6,南风
﻿04月04日,东营市,26,10,西南风
﻿04月05日,东营市,19,10,东风
﻿04月06日,东营市,23,6,东南风
﻿04月07日,东营市,18,7,东北风
﻿04月08日,东营市,16,7,北风
﻿04月09日,东营市,13,7,东南风
﻿04月03日,菏泽市,21,9,东南风
﻿04月04日,菏泽市,24,11,西南风
﻿04月05日,菏泽市,27,13,南风
﻿04月06日,菏泽市,29,9,西风
﻿04月07日,菏泽市,20,10,北风
﻿04月08日,菏泽市,21,7,东北风
﻿04月09日,菏泽市,17,5,西南风
﻿04月03日,济南市,21,10,南风
﻿04月04日,济南市,25,14,西南风
﻿04月05日,济南市,26,16,东南风
﻿04月06日,济南市,27,14,西南风
﻿04月07日,济南市,23,10,北风
﻿04月08日,济南市,19,7,东北风
﻿04月09日,济南市,15,8,西南风
﻿04月03日,济宁市,20,8,东南风
﻿04月04日,济宁市,25,11,南风
﻿04月05日,济宁市,26,12,东南风
﻿04月06日,济宁市,29,9,西南风
﻿04月07日,济宁市,22,10,北风
﻿04月08日,济宁市,22,7,东北风
﻿04月09日,济宁市,16,6,南风
﻿04月03日,莱芜市,19,7,南风
﻿04月04日,莱芜市,24,10,西南风
﻿04月05日,莱芜市,25,11,东南风
﻿04月06日,莱芜市,26,10,西南风
﻿04月07日,莱芜市,19,6,北风
﻿04月08日,莱芜市,18,6,东北风
﻿04月09日,莱芜市,13,6,南风
﻿04月03日,聊城市,20,6,南风
﻿04月04日,聊城市,26,10,西南风
﻿04月05日,聊城市,25,13,东南风
﻿04月06日,聊城市,23,8,西北风
﻿04月07日,聊城市,22,8,北风
﻿04月08日,聊城市,19,8,东北风
﻿04月09日,聊城市,16,7,西南风
﻿04月02日,临沂市,19,6,东风
﻿04月03日,临沂市,19,6,东风
﻿04月04日,临沂市,23,9,西南风
﻿04月05日,临沂市,23,10,东风
﻿04月06日,临沂市,27,10,南风
﻿04月07日,临沂市,24,9,北风
﻿04月08日,临沂市,18,8,东北风
﻿04月03日,青岛市,12,7,南风
﻿04月04日,青岛市,18,9,西南风
﻿04月05日,青岛市,17,10,东南风
﻿04月06日,青岛市,17,10,东南风
﻿04月07日,青岛市,16,8,北风
﻿04月08日,青岛市,16,9,北风
﻿04月09日,青岛市,11,8,南风
﻿04月03日,日照市,12,6,东南风
﻿04月04日,日照市,21,8,西南风
﻿04月05日,日照市,20,10,东南风
﻿04月06日,日照市,25,9,东南风
﻿04月07日,日照市,16,7,北风
﻿04月08日,日照市,15,7,北风
﻿04月09日,日照市,10,8,东南风
﻿04月03日,泰安市,20,8,东南风
﻿04月04日,泰安市,24,9,西南风
﻿04月05日,泰安市,25,10,东南风
﻿04月06日,泰安市,26,7,西南风
﻿04月07日,泰安市,23,8,北风
﻿04月08日,泰安市,20,5,东北风
﻿04月09日,泰安市,14,5,南风
﻿04月03日,潍坊市,19,6,南风
﻿04月04日,潍坊市,26,10,西南风
﻿04月05日,潍坊市,22,9,东风
﻿04月06日,潍坊市,24,10,东南风
﻿04月07日,潍坊市,18,4,北风
﻿04月08日,潍坊市,16,5,北风
﻿04月09日,潍坊市,15,6,东南风
﻿04月03日,威海市,14,5,西风
﻿04月04日,威海市,21,7,西南风
﻿04月05日,威海市,14,5,北风
﻿04月06日,威海市,20,6,东南风
﻿04月07日,威海市,13,6,西北风
﻿04月08日,威海市,11,3,西北风
﻿04月09日,威海市,12,5,西北风
﻿04月03日,烟台市,15,4,西南风
﻿04月04日,烟台市,24,9,西南风
﻿04月05日,烟台市,13,8,北风
﻿04月06日,烟台市,20,8,东南风
﻿04月07日,烟台市,12,6,西北风
﻿04月08日,烟台市,12,6,西北风
﻿04月09日,烟台市,9,6,北风
﻿04月03日,枣庄市,20,9,东风
﻿04月04日,枣庄市,23,11,西南风
﻿04月05日,枣庄市,26,12,东南风
﻿04月06日,枣庄市,27,11,西南风
﻿04月07日,枣庄市,23,11,西北风
﻿04月08日,枣庄市,21,9,东风
﻿04月09日,枣庄市,15,5,东南风
﻿04月03日,淄博市,20,7,南风
﻿04月04日,淄博市,26,11,西南风
﻿04月05日,淄博市,23,12,东南风
﻿04月06日,淄博市,23,9,东南风
﻿04月07日,淄博市,19,6,北风
﻿04月08日,淄博市,18,6,东北风
﻿04月09日,淄博市,14,6,南风
﻿04月02日,长治市,18,6,东风
﻿04月03日,长治市,18,6,南风
﻿04月04日,长治市,21,8,西风
﻿04月05日,长治市,26,10,西南风
﻿04月06日,长治市,25,10,西南风
﻿04月07日,长治市,17,4,东北风
﻿04月08日,长治市,12,4,东风
﻿04月03日,大同市,18,-2,西风
﻿04月04日,大同市,22,-1,西北风
﻿04月05日,大同市,24,1,西风
﻿04月06日,大同市,18,-1,东风
﻿04月07日,大同市,10,-5,北风
﻿04月08日,大同市,12,-4,东北风
﻿04月09日,大同市,15,-1,南风
﻿04月03日,晋城市,18,6,南风
﻿04月04日,晋城市,25,9,西北风
﻿04月05日,晋城市,26,11,西风
﻿04月06日,晋城市,27,13,西风
﻿04月07日,晋城市,19,5,西风
﻿04月08日,晋城市,17,3,东南风
﻿04月09日,晋城市,14,1,南风
﻿04月03日,晋中市,21,3,南风
﻿04月04日,晋中市,24,3,西风
﻿04月05日,晋中市,25,5,西南风
﻿04月06日,晋中市,22,6,西风
﻿04月07日,晋中市,18,2,西北风
﻿04月08日,晋中市,14,3,东风
﻿04月09日,晋中市,17,3,南风
﻿04月03日,临汾市,23,9,南风
﻿04月04日,临汾市,25,10,西南风
﻿04月05日,临汾市,28,12,西南风
﻿04月06日,临汾市,26,11,西南风
﻿04月07日,临汾市,25,11,西北风
﻿04月08日,临汾市,21,9,东风
﻿04月09日,临汾市,20,4,东南风
﻿04月03日,吕梁市,22,6,南风
﻿04月04日,吕梁市,24,4,西风
﻿04月05日,吕梁市,24,6,西风
﻿04月06日,吕梁市,22,7,西风
﻿04月07日,吕梁市,15,3,西北风
﻿04月08日,吕梁市,17,5,东南风
﻿04月09日,吕梁市,16,3,西南风
﻿04月03日,朔州市,19,-1,西风
﻿04月04日,朔州市,23,2,西风
﻿04月05日,朔州市,24,5,西风
﻿04月06日,朔州市,20,3,西风
﻿04月07日,朔州市,13,-2,北风
﻿04月08日,朔州市,11,-2,东风
﻿04月09日,朔州市,16,0,西南风
﻿04月03日,太原市,20,3,南风
﻿04月04日,太原市,24,4,西风
﻿04月05日,太原市,25,5,西风
﻿04月06日,太原市,24,8,西风
﻿04月07日,太原市,17,7,西北风
﻿04月08日,太原市,16,3,东风
﻿04月09日,太原市,18,3,南风
﻿04月03日,忻州市,19,2,南风
﻿04月04日,忻州市,22,4,西风
﻿04月05日,忻州市,25,7,西风
﻿04月06日,忻州市,20,6,西南风
﻿04月07日,忻州市,18,4,北风
﻿04月08日,忻州市,14,3,东北风
﻿04月09日,忻州市,18,2,南风
﻿04月03日,阳泉市,21,3,西风
﻿04月04日,阳泉市,25,8,西风
﻿04月05日,阳泉市,26,7,西风
﻿04月06日,阳泉市,25,6,东北风
﻿04月07日,阳泉市,16,1,北风
﻿04月08日,阳泉市,14,1,东风
﻿04月09日,阳泉市,18,3,南风
﻿04月03日,运城市,23,8,东南风
﻿04月04日,运城市,23,8,西南风
﻿04月05日,运城市,28,10,西南风
﻿04月06日,运城市,30,10,西南风
﻿04月07日,运城市,27,10,西风
﻿04月08日,运城市,18,4,东南风
﻿04月09日,运城市,20,3,东风
﻿04月03日,安康市,15,10,东风
﻿04月04日,安康市,20,8,西风
﻿04月05日,安康市,27,8,西风
﻿04月06日,安康市,29,11,西风
﻿04月07日,安康市,30,13,北风
﻿04月08日,安康市,24,15,东风
﻿04月09日,安康市,24,5,东风
﻿04月03日,宝鸡市,19,9,东南风
﻿04月04日,宝鸡市,25,8,西南风
﻿04月05日,宝鸡市,30,10,西南风
﻿04月06日,宝鸡市,30,12,西南风
﻿04月07日,宝鸡市,29,10,东北风
﻿04月08日,宝鸡市,20,7,东北风
﻿04月09日,宝鸡市,20,3,东南风
﻿04月03日,汉中市,14,8,东风
﻿04月04日,汉中市,21,8,西南风
﻿04月05日,汉中市,24,7,西南风
﻿04月06日,汉中市,27,9,西南风
﻿04月07日,汉中市,28,12,东北风
﻿04月08日,汉中市,21,12,东北风
﻿04月09日,汉中市,21,7,东南风
﻿04月03日,商洛市,15,7,东南风
﻿04月04日,商洛市,22,5,西北风
﻿04月05日,商洛市,26,9,西风
﻿04月06日,商洛市,28,12,西南风
﻿04月07日,商洛市,29,7,西北风
﻿04月08日,商洛市,22,7,东南风
﻿04月09日,商洛市,21,2,北风
﻿04月03日,铜川市,19,4,东风
﻿04月04日,铜川市,21,8,西风
﻿04月05日,铜川市,27,11,西风
﻿04月06日,铜川市,29,12,西风
﻿04月07日,铜川市,28,7,北风
﻿04月08日,铜川市,18,3,东北风
﻿04月09日,铜川市,18,1,东风
﻿04月03日,渭南市,20,8,东风
﻿04月04日,渭南市,22,10,西南风
﻿04月05日,渭南市,25,13,西南风
﻿04月06日,渭南市,30,14,西南风
﻿04月07日,渭南市,28,10,南风
﻿04月08日,渭南市,20,9,东北风
﻿04月09日,渭南市,16,4,东北风
﻿04月03日,西安市,20,9,东风
﻿04月04日,西安市,23,10,西南风
﻿04月05日,西安市,28,12,西南风
﻿04月06日,西安市,31,13,西南风
﻿04月07日,西安市,30,10,西南风
﻿04月08日,西安市,26,10,东北风
﻿04月09日,西安市,22,5,西北风
﻿04月03日,咸阳市,18,7,东风
﻿04月04日,咸阳市,22,10,西南风
﻿04月05日,咸阳市,27,13,西南风
﻿04月06日,咸阳市,30,13,西南风
﻿04月07日,咸阳市,28,9,西南风
﻿04月08日,咸阳市,23,8,东北风
﻿04月09日,咸阳市,20,4,东北风
﻿04月03日,延安市,19,5,南风
﻿04月04日,延安市,21,4,西风
﻿04月05日,延安市,22,6,西风
﻿04月06日,延安市,22,9,西风
﻿04月07日,延安市,22,3,西北风
﻿04月08日,延安市,18,4,东风
﻿04月09日,延安市,17,2,南风
﻿04月03日,榆林市,17,3,东北风
﻿04月04日,榆林市,19,5,西风
﻿04月05日,榆林市,20,7,西风
﻿04月06日,榆林市,20,8,西风
﻿04月07日,榆林市,20,4,西北风
﻿04月08日,榆林市,17,3,东北风
﻿04月09日,榆林市,19,4,西南风
﻿04月03日,阿坝市,9,-4,东北风
﻿04月04日,阿坝市,5,-6,东北风
﻿04月05日,阿坝市,5,-5,西北风
﻿04月06日,阿坝市,5,-5,西风
﻿04月07日,阿坝市,6,-5,西南风
﻿04月08日,阿坝市,10,-3,西风
﻿04月09日,阿坝市,6,-5,西北风
﻿04月03日,巴中市,16,10,东北风
﻿04月04日,巴中市,19,10,西风
﻿04月05日,巴中市,22,12,西南风
﻿04月06日,巴中市,24,13,南风
﻿04月07日,巴中市,27,15,东北风
﻿04月08日,巴中市,24,15,东风
﻿04月09日,巴中市,22,10,东北风
﻿04月03日,成都市,20,11,东风
﻿04月04日,成都市,21,11,北风
﻿04月05日,成都市,23,12,西南风
﻿04月06日,成都市,26,14,南风
﻿04月07日,成都市,26,16,东北风
﻿04月08日,成都市,26,15,东北风
﻿04月09日,成都市,24,13,西北风
﻿04月03日,达州市,15,10,东北风
﻿04月04日,达州市,18,11,西南风
﻿04月05日,达州市,22,11,西南风
﻿04月06日,达州市,24,14,东风
﻿04月07日,达州市,29,16,东风
﻿04月08日,达州市,23,15,东风
﻿04月09日,达州市,22,10,东北风
﻿04月03日,德阳市,18,11,东风
﻿04月04日,德阳市,21,11,北风
﻿04月05日,德阳市,23,11,西风
﻿04月06日,德阳市,25,13,西南风
﻿04月07日,德阳市,27,15,东北风
﻿04月08日,德阳市,26,15,东北风
﻿04月09日,德阳市,24,12,西风
﻿04月03日,甘孜市,1,-6,西风
﻿04月04日,甘孜市,1,-8,西南风
﻿04月05日,甘孜市,-1,-8,西北风
﻿04月06日,甘孜市,1,-11,西南风
﻿04月07日,甘孜市,6,-7,西南风
﻿04月08日,甘孜市,6,-3,西南风
﻿04月09日,甘孜市,0,-7,西北风
﻿04月03日,广安市,17,12,东风
﻿04月04日,广安市,17,11,东风
﻿04月05日,广安市,20,11,西南风
﻿04月06日,广安市,24,14,东南风
﻿04月07日,广安市,28,17,东风
﻿04月08日,广安市,24,15,东风
﻿04月09日,广安市,20,10,东北风
﻿04月03日,广元市,16,9,东风
﻿04月04日,广元市,23,10,东风
﻿04月05日,广元市,25,11,南风
﻿04月06日,广元市,25,13,南风
﻿04月07日,广元市,27,15,东风
﻿04月08日,广元市,24,13,北风
﻿04月09日,广元市,24,11,北风
﻿04月02日,乐山市,19,14,北风
﻿04月03日,乐山市,18,12,东北风
﻿04月04日,乐山市,19,12,北风
﻿04月05日,乐山市,23,12,西南风
﻿04月06日,乐山市,27,14,南风
﻿04月07日,乐山市,27,15,西北风
﻿04月08日,乐山市,28,15,西北风
﻿04月03日,凉山市,20,11,东北风
﻿04月04日,凉山市,19,4,东北风
﻿04月05日,凉山市,22,4,北风
﻿04月06日,凉山市,29,5,西南风
﻿04月07日,凉山市,30,6,西南风
﻿04月08日,凉山市,29,9,西南风
﻿04月09日,凉山市,26,2,东风
﻿04月03日,泸州市,21,13,北风
﻿04月04日,泸州市,20,13,北风
﻿04月05日,泸州市,24,13,东北风
﻿04月06日,泸州市,28,15,东风
﻿04月07日,泸州市,29,17,东风
﻿04月08日,泸州市,28,17,西风
﻿04月09日,泸州市,24,14,北风
﻿04月03日,眉山市,20,13,东风
﻿04月04日,眉山市,18,13,西北风
﻿04月05日,眉山市,25,13,西南风
﻿04月06日,眉山市,26,14,南风
﻿04月07日,眉山市,26,15,北风
﻿04月08日,眉山市,27,16,北风
﻿04月09日,眉山市,24,13,东北风
﻿04月03日,绵阳市,19,11,东风
﻿04月04日,绵阳市,21,12,西北风
﻿04月05日,绵阳市,23,11,西南风
﻿04月06日,绵阳市,25,13,西南风
﻿04月07日,绵阳市,27,15,北风
﻿04月08日,绵阳市,26,14,东北风
﻿04月09日,绵阳市,24,13,北风
﻿04月03日,南充市,17,11,东北风
﻿04月04日,南充市,18,12,东风
﻿04月05日,南充市,22,12,南风
﻿04月06日,南充市,25,14,东南风
﻿04月07日,南充市,29,16,东风
﻿04月08日,南充市,25,15,东北风
﻿04月09日,南充市,23,13,东北风
﻿04月03日,内江市,21,13,东北风
﻿04月04日,内江市,19,12,北风
﻿04月05日,内江市,24,13,西南风
﻿04月06日,内江市,27,14,东南风
﻿04月07日,内江市,29,16,东北风
﻿04月08日,内江市,29,16,东北风
﻿04月09日,内江市,23,14,北风
﻿04月03日,攀枝花市,28,14,东南风
﻿04月04日,攀枝花市,30,12,东南风
﻿04月05日,攀枝花市,30,12,东南风
﻿04月06日,攀枝花市,29,12,东北风
﻿04月07日,攀枝花市,32,14,东南风
﻿04月08日,攀枝花市,30,14,西南风
﻿04月09日,攀枝花市,29,12,东南风
﻿04月03日,遂宁市,19,12,东北风
﻿04月04日,遂宁市,20,12,东风
﻿04月05日,遂宁市,23,12,南风
﻿04月06日,遂宁市,26,14,东南风
﻿04月07日,遂宁市,29,16,东风
﻿04月08日,遂宁市,27,17,东北风
﻿04月09日,遂宁市,24,13,东北风
﻿04月03日,雅安市,18,11,北风
﻿04月04日,雅安市,17,11,东北风
﻿04月05日,雅安市,23,11,西南风
﻿04月06日,雅安市,26,13,西南风
﻿04月07日,雅安市,24,15,西风
﻿04月08日,雅安市,25,15,西风
﻿04月09日,雅安市,23,10,东南风
﻿04月03日,宜宾市,20,13,东北风
﻿04月04日,宜宾市,21,12,北风
﻿04月05日,宜宾市,26,12,北风
﻿04月06日,宜宾市,28,13,东南风
﻿04月07日,宜宾市,28,15,西北风
﻿04月08日,宜宾市,29,16,西北风
﻿04月09日,宜宾市,23,13,西北风
﻿04月02日,自贡市,20,14,北风
﻿04月03日,自贡市,20,13,东北风
﻿04月04日,自贡市,20,13,北风
﻿04月05日,自贡市,24,13,西北风
﻿04月06日,自贡市,28,14,东南风
﻿04月07日,自贡市,28,16,东北风
﻿04月08日,自贡市,30,16,北风
﻿04月03日,资阳市,20,13,东北风
﻿04月04日,资阳市,20,13,北风
﻿04月05日,资阳市,23,13,西南风
﻿04月06日,资阳市,26,14,南风
﻿04月07日,资阳市,27,15,东北风
﻿04月08日,资阳市,27,16,东北风
﻿04月09日,资阳市,23,13,东北风
﻿04月03日,阿里市,6,-9,西南风
﻿04月04日,阿里市,8,-10,西南风
﻿04月05日,阿里市,10,-9,西南风
﻿04月06日,阿里市,11,-8,西南风
﻿04月07日,阿里市,9,-9,西风
﻿04月08日,阿里市,10,-11,西南风
﻿04月09日,阿里市,9,-10,西南风
﻿04月03日,昌都市,12,-1,南风
﻿04月04日,昌都市,10,-1,西南风
﻿04月05日,昌都市,12,-3,西北风
﻿04月06日,昌都市,14,-3,西南风
﻿04月07日,昌都市,15,0,南风
﻿04月08日,昌都市,15,0,西南风
﻿04月09日,昌都市,13,-2,西北风
﻿04月02日,拉萨市,12,2,南风
﻿04月03日,拉萨市,14,0,西南风
﻿04月04日,拉萨市,14,-1,西北风
﻿04月05日,拉萨市,16,-2,东北风
﻿04月06日,拉萨市,16,-1,东南风
﻿04月07日,拉萨市,14,1,南风
﻿04月08日,拉萨市,16,0,西北风
﻿04月03日,林芝市,14,0,东南风
﻿04月04日,林芝市,14,-7,南风
﻿04月05日,林芝市,16,-7,西北风
﻿04月06日,林芝市,16,-8,西北风
﻿04月07日,林芝市,17,-4,东南风
﻿04月08日,林芝市,17,-3,西风
﻿04月09日,林芝市,17,-5,西北风
﻿04月03日,那曲市,3,-11,西风
﻿04月04日,那曲市,1,-12,西风
﻿04月05日,那曲市,5,-11,西南风
﻿04月06日,那曲市,8,-9,东南风
﻿04月07日,那曲市,9,-7,南风
﻿04月08日,那曲市,7,-8,西风
﻿04月09日,那曲市,6,-7,西北风
﻿04月03日,日喀则市,13,0,西北风
﻿04月04日,日喀则市,13,-3,西北风
﻿04月05日,日喀则市,16,-3,东北风
﻿04月06日,日喀则市,18,-1,东南风
﻿04月07日,日喀则市,15,1,南风
﻿04月08日,日喀则市,17,0,西北风
﻿04月09日,日喀则市,17,0,西南风
﻿04月03日,山南市,14,-1,西北风
﻿04月04日,山南市,13,-2,西北风
﻿04月05日,山南市,15,-1,东北风
﻿04月06日,山南市,16,0,东风
﻿04月07日,山南市,15,0,东南风
﻿04月08日,山南市,17,0,北风
﻿04月09日,山南市,19,0,北风
﻿04月03日,阿克苏市,21,8,北风
﻿04月04日,阿克苏市,22,8,西北风
﻿04月05日,阿克苏市,25,9,东北风
﻿04月06日,阿克苏市,25,9,东北风
﻿04月07日,阿克苏市,25,10,东南风
﻿04月08日,阿克苏市,25,10,东风
﻿04月09日,阿克苏市,26,10,东风
﻿04月03日,阿拉尔市,23,4,东北风
﻿04月04日,阿拉尔市,25,6,东北风
﻿04月05日,阿拉尔市,26,8,西南风
﻿04月06日,阿拉尔市,28,7,东北风
﻿04月07日,阿拉尔市,26,7,东风
﻿04月08日,阿拉尔市,27,9,东南风
﻿04月09日,阿拉尔市,26,9,东南风
﻿04月03日,阿勒泰市,21,5,东北风
﻿04月04日,阿勒泰市,22,5,东风
﻿04月05日,阿勒泰市,24,6,西风
﻿04月06日,阿勒泰市,14,4,西风
﻿04月07日,阿勒泰市,13,1,西风
﻿04月08日,阿勒泰市,13,0,东南风
﻿04月09日,阿勒泰市,16,3,东风
﻿04月03日,北京市,21,6,南风
﻿04月04日,北京市,27,8,西北风
﻿04月05日,北京市,20,9,东南风
﻿04月06日,北京市,20,7,东风
﻿04月07日,北京市,21,7,北风
﻿04月08日,北京市,18,9,西北风
﻿04月09日,北京市,18,7,东南风
﻿04月03日,博州市,14,7,东北风
﻿04月04日,博州市,13,6,北风
﻿04月05日,博州市,16,6,东北风
﻿04月06日,博州市,24,9,东南风
﻿04月07日,博州市,26,11,东风
﻿04月08日,博州市,25,11,西北风
﻿04月09日,博州市,23,8,西北风
﻿04月03日,昌吉市,23,10,北风
﻿04月04日,昌吉市,25,10,西北风
﻿04月05日,昌吉市,25,12,西北风
﻿04月06日,昌吉市,21,8,西北风
﻿04月07日,昌吉市,17,8,西风
﻿04月08日,昌吉市,20,10,东风
﻿04月09日,昌吉市,23,6,东风
﻿04月03日,哈密市,26,5,北风
﻿04月04日,哈密市,27,6,东北风
﻿04月05日,哈密市,26,8,北风
﻿04月06日,哈密市,25,5,东北风
﻿04月07日,哈密市,19,5,东北风
﻿04月08日,哈密市,22,6,西南风
﻿04月09日,哈密市,22,5,东风
﻿04月03日,和田市,22,10,东风
﻿04月04日,和田市,22,10,东风
﻿04月05日,和田市,25,12,东风
﻿04月06日,和田市,26,13,北风
﻿04月07日,和田市,24,13,西风
﻿04月08日,和田市,26,14,东风
﻿04月09日,和田市,26,14,东风
﻿04月03日,喀什市,21,9,东北风
﻿04月04日,喀什市,21,9,东北风
﻿04月05日,喀什市,26,10,南风
﻿04月06日,喀什市,25,10,北风
﻿04月07日,喀什市,28,10,西风
﻿04月08日,喀什市,21,11,东风
﻿04月09日,喀什市,23,10,东北风
﻿04月03日,克拉玛依市,23,11,南风
﻿04月04日,克拉玛依市,23,12,东南风
﻿04月05日,克拉玛依市,23,11,西北风
﻿04月06日,克拉玛依市,18,3,西北风
﻿04月07日,克拉玛依市,15,1,西北风
﻿04月08日,克拉玛依市,13,1,东北风
﻿04月09日,克拉玛依市,17,7,东北风
﻿04月03日,克州市,21,7,东风
﻿04月04日,克州市,22,6,东北风
﻿04月05日,克州市,25,8,西南风
﻿04月06日,克州市,27,10,东北风
﻿04月07日,克州市,26,9,东风
﻿04月08日,克州市,22,4,东北风
﻿04月09日,克州市,25,4,北风
﻿04月03日,石河子市,24,8,东风
﻿04月04日,石河子市,25,8,东风
﻿04月05日,石河子市,25,9,西风
﻿04月06日,石河子市,23,9,西风
﻿04月07日,石河子市,17,8,东风
﻿04月08日,石河子市,18,7,东风
﻿04月09日,石河子市,19,7,北风
﻿04月03日,塔城市,22,8,东风
﻿04月04日,塔城市,18,10,东北风
﻿04月05日,塔城市,17,9,西风
﻿04月06日,塔城市,14,4,西风
﻿04月07日,塔城市,11,2,西风
﻿04月08日,塔城市,17,2,东风
﻿04月09日,塔城市,19,5,东北风
﻿04月03日,铁门关市,18,1,西风
﻿04月04日,铁门关市,26,7,西风
﻿04月05日,铁门关市,12,3,西北风
﻿04月06日,铁门关市,15,1,东南风
﻿04月07日,铁门关市,13,1,东北风
﻿04月08日,铁门关市,14,1,北风
﻿04月09日,铁门关市,13,5,西南风
﻿04月03日,吐鲁番市,30,16,西风
﻿04月04日,吐鲁番市,30,14,东风
﻿04月05日,吐鲁番市,31,15,西北风
﻿04月06日,吐鲁番市,28,17,北风
﻿04月07日,吐鲁番市,25,13,西北风
﻿04月08日,吐鲁番市,28,12,北风
﻿04月09日,吐鲁番市,29,12,东风
﻿04月03日,图木舒克市,21,11,东北风
﻿04月04日,图木舒克市,22,12,东北风
﻿04月05日,图木舒克市,25,14,西南风
﻿04月06日,图木舒克市,25,15,东北风
﻿04月07日,图木舒克市,22,15,东北风
﻿04月08日,图木舒克市,23,13,东风
﻿04月09日,图木舒克市,23,13,东北风
﻿04月03日,五家渠市,23,6,东北风
﻿04月04日,五家渠市,25,9,北风
﻿04月05日,五家渠市,26,11,西风
﻿04月06日,五家渠市,22,7,西风
﻿04月07日,五家渠市,18,7,西南风
﻿04月08日,五家渠市,22,9,东风
﻿04月09日,五家渠市,24,5,东北风
﻿04月03日,乌鲁木齐市,18,8,西北风
﻿04月04日,乌鲁木齐市,20,10,东南风
﻿04月05日,乌鲁木齐市,20,8,北风
﻿04月06日,乌鲁木齐市,17,3,北风
﻿04月07日,乌鲁木齐市,14,3,西北风
﻿04月08日,乌鲁木齐市,12,4,东风
﻿04月09日,乌鲁木齐市,15,5,东南风
﻿04月03日,北京市,21,6,南风
﻿04月04日,北京市,27,8,西北风
﻿04月05日,北京市,20,9,东南风
﻿04月06日,北京市,20,7,东风
﻿04月07日,北京市,21,7,北风
﻿04月08日,北京市,18,9,西北风
﻿04月09日,北京市,18,7,东南风
﻿04月03日,保山市,20,8,西南风
﻿04月04日,保山市,23,8,西风
﻿04月05日,保山市,23,9,西风
﻿04月06日,保山市,25,10,西风
﻿04月07日,保山市,24,12,西风
﻿04月08日,保山市,22,11,西风
﻿04月09日,保山市,23,10,西南风
﻿04月03日,楚雄市,21,10,西南风
﻿04月04日,楚雄市,24,9,西风
﻿04月05日,楚雄市,24,10,西风
﻿04月06日,楚雄市,25,11,西风
﻿04月07日,楚雄市,25,13,西南风
﻿04月08日,楚雄市,24,12,西南风
﻿04月09日,楚雄市,24,11,西南风
﻿04月03日,大理市,18,8,西南风
﻿04月04日,大理市,22,7,西风
﻿04月05日,大理市,22,6,西南风
﻿04月06日,大理市,24,8,西风
﻿04月07日,大理市,23,10,西南风
﻿04月08日,大理市,21,9,西南风
﻿04月09日,大理市,22,10,西风
﻿04月03日,德宏市,25,12,西南风
﻿04月04日,德宏市,29,11,西风
﻿04月05日,德宏市,28,12,西风
﻿04月06日,德宏市,29,13,西风
﻿04月07日,德宏市,29,14,西风
﻿04月08日,德宏市,26,14,西风
﻿04月09日,德宏市,28,13,西风
﻿04月03日,北京市,21,6,南风
﻿04月04日,北京市,27,8,西北风
﻿04月05日,北京市,20,9,东南风
﻿04月06日,北京市,20,7,东风
﻿04月07日,北京市,21,7,北风
﻿04月08日,北京市,18,9,西北风
﻿04月09日,北京市,18,7,东南风
﻿04月03日,红河市,25,13,南风
﻿04月04日,红河市,26,14,西南风
﻿04月05日,红河市,26,13,南风
﻿04月06日,红河市,26,14,西南风
﻿04月07日,红河市,27,15,西南风
﻿04月08日,红河市,26,14,西南风
﻿04月09日,红河市,27,14,西南风
﻿04月03日,昆明市,21,9,西南风
﻿04月04日,昆明市,23,10,西风
﻿04月05日,昆明市,23,8,西南风
﻿04月06日,昆明市,24,9,西风
﻿04月07日,昆明市,25,10,西风
﻿04月08日,昆明市,25,11,西风
﻿04月09日,昆明市,25,11,西风
﻿04月03日,丽江市,15,6,西南风
﻿04月04日,丽江市,20,4,西风
﻿04月05日,丽江市,19,5,西南风
﻿04月06日,丽江市,23,4,西风
﻿04月07日,丽江市,21,6,西风
﻿04月08日,丽江市,19,7,西风
﻿04月09日,丽江市,21,6,西风
﻿04月03日,临沧市,23,10,西风
﻿04月04日,临沧市,26,10,西风
﻿04月05日,临沧市,26,11,西风
﻿04月06日,临沧市,28,11,西风
﻿04月07日,临沧市,27,13,西风
﻿04月08日,临沧市,26,12,西风
﻿04月09日,临沧市,26,11,西风
﻿04月03日,怒江市,36,19,北风
﻿04月04日,怒江市,36,19,北风
﻿04月05日,怒江市,37,22,北风
﻿04月06日,怒江市,38,22,北风
﻿04月07日,怒江市,36,22,西北风
﻿04月08日,怒江市,36,22,东北风
﻿04月09日,怒江市,36,20,北风
﻿04月03日,普洱市,27,14,西南风
﻿04月04日,普洱市,28,15,西风
﻿04月05日,普洱市,27,15,西风
﻿04月06日,普洱市,28,15,西风
﻿04月07日,普洱市,28,15,西风
﻿04月08日,普洱市,28,14,西风
﻿04月09日,普洱市,28,14,西风
﻿04月03日,曲靖市,23,9,西南风
﻿04月04日,曲靖市,22,9,西南风
﻿04月05日,曲靖市,21,8,东南风
﻿04月06日,曲靖市,22,9,西南风
﻿04月07日,曲靖市,25,12,西南风
﻿04月08日,曲靖市,25,12,西南风
﻿04月09日,曲靖市,24,10,西风
﻿04月03日,文山市,27,14,南风
﻿04月04日,文山市,26,15,南风
﻿04月05日,文山市,25,13,南风
﻿04月06日,文山市,25,15,南风
﻿04月07日,文山市,26,15,南风
﻿04月08日,文山市,28,15,西南风
﻿04月09日,文山市,28,14,西南风
﻿04月03日,北京市,21,6,南风
﻿04月04日,北京市,27,8,西北风
﻿04月05日,北京市,20,9,东南风
﻿04月06日,北京市,20,7,东风
﻿04月07日,北京市,21,7,北风
﻿04月08日,北京市,18,9,西北风
﻿04月09日,北京市,18,7,东南风
﻿04月03日,玉溪市,22,9,西南风
﻿04月04日,玉溪市,24,10,西南风
﻿04月05日,玉溪市,24,9,西南风
﻿04月06日,玉溪市,24,11,西南风
﻿04月07日,玉溪市,25,12,西南风
﻿04月08日,玉溪市,24,12,西南风
﻿04月09日,玉溪市,24,11,西南风
﻿04月03日,昭通市,19,7,东北风
﻿04月04日,昭通市,16,6,东北风
﻿04月05日,昭通市,15,5,东北风
﻿04月06日,昭通市,23,7,东风
﻿04月07日,昭通市,25,10,西南风
﻿04月08日,昭通市,26,11,西南风
﻿04月09日,昭通市,23,6,东北风
﻿04月03日,杭州市,16,11,东南风
﻿04月04日,杭州市,17,11,东南风
﻿04月05日,杭州市,24,12,西南风
﻿04月06日,杭州市,26,14,南风
﻿04月07日,杭州市,30,12,西南风
﻿04月08日,杭州市,21,8,东风
﻿04月09日,杭州市,13,8,东风
﻿04月03日,湖州市,17,10,东南风
﻿04月04日,湖州市,16,9,东南风
﻿04月05日,湖州市,24,12,西风
﻿04月06日,湖州市,25,14,南风
﻿04月07日,湖州市,29,12,西风
﻿04月08日,湖州市,20,8,东风
﻿04月09日,湖州市,12,7,东风
﻿04月03日,嘉兴市,16,11,东南风
﻿04月04日,嘉兴市,16,9,东南风
﻿04月05日,嘉兴市,23,11,西风
﻿04月06日,嘉兴市,24,13,东南风
﻿04月07日,嘉兴市,27,11,西南风
﻿04月08日,嘉兴市,20,8,东北风
﻿04月09日,嘉兴市,13,9,东风
﻿04月03日,金华市,14,11,东北风
﻿04月04日,金华市,17,11,东风
﻿04月05日,金华市,22,12,西风
﻿04月06日,金华市,26,14,南风
﻿04月07日,金华市,28,13,西风
﻿04月08日,金华市,23,10,东北风
﻿04月09日,金华市,16,9,东风
﻿04月03日,丽水市,16,12,东风
﻿04月04日,丽水市,17,11,东南风
﻿04月05日,丽水市,24,12,北风
﻿04月06日,丽水市,25,14,南风
﻿04月07日,丽水市,28,14,西南风
﻿04月08日,丽水市,25,10,东风
﻿04月09日,丽水市,15,8,东南风
﻿04月03日,宁波市,14,11,东南风
﻿04月04日,宁波市,16,10,东南风
﻿04月05日,宁波市,23,11,西北风
﻿04月06日,宁波市,24,13,南风
﻿04月07日,宁波市,29,12,西南风
﻿04月08日,宁波市,18,8,东北风
﻿04月09日,宁波市,14,8,东风
﻿04月03日,衢州市,13,11,东北风
﻿04月04日,衢州市,16,10,东北风
﻿04月05日,衢州市,23,13,西南风
﻿04月06日,衢州市,26,15,西南风
﻿04月07日,衢州市,28,13,西南风
﻿04月08日,衢州市,25,10,东北风
﻿04月09日,衢州市,16,9,东北风
﻿04月03日,绍兴市,16,12,东南风
﻿04月04日,绍兴市,18,11,南风
﻿04月05日,绍兴市,24,12,西南风
﻿04月06日,绍兴市,26,15,南风
﻿04月07日,绍兴市,29,13,西南风
﻿04月08日,绍兴市,19,9,东北风
﻿04月09日,绍兴市,14,8,东风
﻿04月03日,台州市,14,11,东北风
﻿04月04日,台州市,17,11,东南风
﻿04月05日,台州市,22,12,东北风
﻿04月06日,台州市,22,14,南风
﻿04月07日,台州市,27,15,西南风
﻿04月08日,台州市,21,11,东北风
﻿04月09日,台州市,15,11,东风
﻿04月03日,温州市,15,12,东北风
﻿04月04日,温州市,17,12,东风
﻿04月05日,温州市,24,13,东风
﻿04月06日,温州市,22,15,南风
﻿04月07日,温州市,28,15,西南风
﻿04月08日,温州市,24,9,东风
﻿04月09日,温州市,15,10,东北风
﻿04月03日,舟山市,15,9,东南风
﻿04月04日,舟山市,16,10,南风
﻿04月05日,舟山市,22,13,西北风
﻿04月06日,舟山市,18,14,南风
﻿04月07日,舟山市,22,12,南风
﻿04月08日,舟山市,18,10,东北风
﻿04月09日,舟山市,13,10,东风
